review_id,industry_type,review_category,review_text,sentiment_label,source,contributor
1,IT系スタートアップ,残業,裁量労働制が導入されており、自分でスケジュールを組める分、残業はほぼ発生しない。,positive,synthetic,teacher
2,IT系スタートアップ,残業,プロダクトの締め切り前でも過度な深夜残業はなく、チームで早めに調整し合う文化が根付いている。,positive,synthetic,teacher
3,IT系スタートアップ,残業,入社前は残業が多いと覚悟していたが、タスク管理がしっかりしているおかげで定時退社できる日がほとんどだ。,positive,synthetic,teacher
4,IT系スタートアップ,残業,残業ゼロとは言えないが、月10時間程度に収まっており、プライベートの時間もきちんと確保できている。,positive,synthetic,teacher
5,IT系スタートアップ,残業,エンジニアの生産性を大切にする社風で、長時間労働を美徳とする雰囲気が一切ない。,positive,synthetic,teacher
6,IT系スタートアップ,残業,忙しい時期でも翌日以降で調整できるフレックス制のおかげで、残業のストレスをほとんど感じない。,positive,synthetic,teacher
7,IT系スタートアップ,残業,スタートアップ特有のスピード感はあるが、残業が続く場合は上長がすぐに声をかけてくれるので安心できる。,positive,synthetic,teacher
8,IT系スタートアップ,残業,リリース直前は多少残業することもあるが、それ以外は業務量が適切にコントロールされていて無理がない。,positive,synthetic,teacher
9,IT系スタートアップ,残業,裁量労働制が導入されており、自分でタスクを管理できるので、無駄な残業がほとんど発生しない点は非常に助かっています。,positive,synthetic,teacher
10,IT系スタートアップ,残業,プロダクト優先の文化が根付いているおかげか、会議が少なく集中して作業できるため、定時に仕事を終えられる日が多いです。,positive,synthetic,teacher
11,IT系スタートアップ,残業,残業が当たり前の文化で、定時に帰ると白い目で見られる雰囲気がある。,negative,synthetic,teacher
12,IT系スタートアップ,残業,スタートアップだからと言い訳されるが、月の残業が80時間を超えることも珍しくない。,negative,synthetic,teacher
13,IT系スタートアップ,残業,深夜にチャットで業務連絡が来るのが普通で、精神的に休まる時間がない。,negative,synthetic,teacher
14,IT系スタートアップ,残業,リリース前後は特にひどく、終電を逃すことが続いて体力的に限界を感じた。,negative,synthetic,teacher
15,IT系スタートアップ,残業,サービス残業が暗黙の了解になっていて、残業代を申請しにくい雰囲気がある。,negative,synthetic,teacher
16,IT系スタートアップ,残業,少人数ゆえに一人あたりの業務量が多く、毎日2〜3時間の残業は覚悟しておくべきだ。,negative,synthetic,teacher
17,IT系スタートアップ,残業,納期が近づくと休日出勤も求められるため、プライベートの予定がまったく立てられない。,negative,synthetic,teacher
18,IT系スタートアップ,残業,入社前は裁量労働制と説明されたが、実態は長時間労働の隠れ蓑になっている。,negative,synthetic,teacher
19,IT系スタートアップ,残業,スタートアップらしく「みんなでやり切ろう」という空気が強く、定時に上がりにくい雰囲気が常態化していた。,negative,synthetic,teacher
20,IT系スタートアップ,残業,リリース前後は当たり前のように深夜まで作業が続き、残業代も出ないまま気合いで乗り切ることを求められる。,negative,synthetic,teacher
21,IT系スタートアップ,残業,残業は多めだが、プロジェクトの山場が過ぎれば落ち着くので、波があると思えば許容範囲かもしれない。,neutral,synthetic,teacher
22,IT系スタートアップ,残業,月によって全然違い、繁忙期は終電になることもあれば、閑散期はほぼ定時で帰れる。,neutral,synthetic,teacher
23,IT系スタートアップ,残業,残業代はきちんと出るので生活への影響は抑えられているが、精神的な疲労感は正直あなどれない。,neutral,synthetic,teacher
24,IT系スタートアップ,残業,やりたい仕事ができている分、遅くまで働くことへの抵抗は薄いが、それが当たり前になりつつあるのが少し気になる。,neutral,synthetic,teacher
25,IT系スタートアップ,残業,チームや担当プロダクトによって残業量に大きな差があり、同期でも状況がまったく異なる。,neutral,synthetic,teacher
26,IT系スタートアップ,残業,強制されているわけではないが、周囲のペースに合わせると自然と退勤が遅くなってしまう。,neutral,synthetic,teacher
27,IT系スタートアップ,残業,スタートアップらしく裁量はあるものの、締め切り前は結局深夜まで粘ることになる。,neutral,synthetic,teacher
28,IT系スタートアップ,残業,残業自体の量より、いつ終わるかが読めない不確実さが、慣れるまでしんどかった。,neutral,synthetic,teacher
29,IT系スタートアップ,残業,プロジェクトの山場には深夜残業が続くこともあるが、閑散期はほぼ定時で帰れるため、トータルで見ると極端に多いとも少ないとも言いにくい。,neutral,synthetic,teacher
30,IT系スタートアップ,残業,裁量労働制なので残業代という概念自体が曖昧で、やりがいを感じているときは気にならないが、モチベーションが落ちると同じ時間でも損した気分になる。,neutral,synthetic,teacher
31,IT系スタートアップ,給与,スキルに見合った報酬をしっかり評価してくれる会社で、入社してから年収が大きく上がった。,positive,synthetic,teacher
32,IT系スタートアップ,給与,給与水準は業界平均を上回っており、特にエンジニア職には手厚い待遇が用意されている。,positive,synthetic,teacher
33,IT系スタートアップ,給与,成果主義を採用しているため、頑張れば頑張るほど給料に反映されるのが嬉しい。,positive,synthetic,teacher
34,IT系スタートアップ,給与,ストックオプションもあり、将来的な収入アップが期待できる点もモチベーションになっている。,positive,synthetic,teacher
35,IT系スタートアップ,給与,半期ごとの評価制度があり、実力次第で昇給のチャンスが多く用意されている点が気に入っている。,positive,synthetic,teacher
36,IT系スタートアップ,給与,入社時の給与交渉にも柔軟に対応してもらえ、希望に近い条件で働けているのはありがたい。,positive,synthetic,teacher
37,IT系スタートアップ,給与,大手と比べても引けを取らない給与水準で、福利厚生も含めるとむしろ充実していると感じる。,positive,synthetic,teacher
38,IT系スタートアップ,給与,毎年の昇給率が想像以上に高く、数年でかなり年収が伸びるのを実感できた。,positive,synthetic,teacher
39,IT系スタートアップ,給与,スタートアップにしては基本給が高く、半年ごとの評価で着実に上がっていく仕組みが整っているのは素直にありがたい。,positive,synthetic,teacher
40,IT系スタートアップ,給与,頑張りが給与にしっかり反映される評価制度で、ストックオプションも含めると大手に引けを取らない水準だと感じている。,positive,synthetic,teacher
41,IT系スタートアップ,給与,スタートアップということで給与は低めと覚悟していたが、2年経っても昇給がほぼなく、正直モチベーションの維持が難しくなってきた。,negative,synthetic,teacher
42,IT系スタートアップ,給与,ストックオプションで報われると入社時に説明されたが、上場の見通しが立たず、現状の給与だけで生活するのはかなり厳しい。,negative,synthetic,teacher
43,IT系スタートアップ,給与,残業時間が多い割に給与が見合っておらず、時給換算すると同業他社より明らかに低い水準だと気づいてしまった。,negative,synthetic,teacher
44,IT系スタートアップ,給与,評価制度が不透明で、成果を出しても給与への反映が薄く、頑張り続ける意欲がだんだん失われていく。,negative,synthetic,teacher
45,IT系スタートアップ,給与,「成長環境」という言葉で入社を決めたものの、給与面では大手との差が想像以上に大きく、転職を考え始めている。,negative,synthetic,teacher
46,IT系スタートアップ,給与,賞与がほとんど出ない期もあり、固定給だけでは将来の生活設計に不安を感じる。,negative,synthetic,teacher
47,IT系スタートアップ,給与,市場価値のあるスキルが身につく点は良いが、同レベルのエンジニアが他社でもらっている額と比べると相当な差がある。,negative,synthetic,teacher
48,IT系スタートアップ,給与,入社前の給与提示は悪くなかったが、昇給幅が小さく、物価上昇を考えると実質的に年々目減りしている感覚だ。,negative,synthetic,teacher
49,IT系スタートアップ,給与,スタートアップならではのやりがいは感じられるものの、給与水準が業界平均を大きく下回っており、長く働き続けることへの不安が拭えない。,negative,synthetic,teacher
50,IT系スタートアップ,給与,昇給の基準が明文化されておらず、頑張りが報酬に反映されているという実感が持てないまま2年が過ぎてしまった。,negative,synthetic,teacher
51,IT系スタートアップ,給与,ストックオプションがある分、基本給は業界水準より低めだが、将来に賭けるという意味では一概に損とも言い切れない。,neutral,synthetic,teacher
52,IT系スタートアップ,給与,給与は可もなく不可もなくといった水準で、同規模のスタートアップと比べると特段低くも高くもない印象だ。,neutral,synthetic,teacher
53,IT系スタートアップ,給与,賞与は業績次第で大きく変動するため年収が読みにくく、安定を求める人には向かないが上振れする年もある。,neutral,synthetic,teacher
54,IT系スタートアップ,給与,基本給は大手と比べると見劣りするものの、裁量給の仕組みがあり頑張り次第で変わってくる余地は一応ある。,neutral,synthetic,teacher
55,IT系スタートアップ,給与,入社時の交渉で多少上げてもらえたが、その後の昇給がほぼ据え置きで、満足とも不満とも言いにくい状況が続いている。,neutral,synthetic,teacher
56,IT系スタートアップ,給与,市場価値と照らすと若干低い気もするが、残業がほぼ発生しない点を加味すると時給換算では悪くない水準かもしれない。,neutral,synthetic,teacher
57,IT系スタートアップ,給与,評価の基準が曖昧で給与改定が上長の裁量に左右される部分が大きく、実力が報酬に直結しているとは言い難い。,neutral,synthetic,teacher
58,IT系スタートアップ,給与,フルリモート手当や書籍購入補助など福利厚生は手厚い一方で月の固定給は低めで、トータルの満足度は人によって分かれそうだ。,neutral,synthetic,teacher
59,IT系スタートアップ,給与,基本給は業界水準と比べるとやや低めだが、ストックオプションを加味すると一概に悪いとも言えず、最終的な評価が難しいところ。,neutral,synthetic,teacher
60,IT系スタートアップ,給与,評価制度によって給与の振れ幅がかなり大きく、自分の成果や時期次第で体感がかなり変わるため、満足とも不満とも断言しにくい。,neutral,synthetic,teacher
61,IT系スタートアップ,成長,入社半年でチームリーダーを任され、大企業では考えられないスピードで成長できていると実感している。,positive,synthetic,teacher
62,IT系スタートアップ,成長,若手でも裁量が大きく、自分のアイデアをプロダクトに反映できる環境が自分を急速に育ててくれた。,positive,synthetic,teacher
63,IT系スタートアップ,成長,新技術をキャッチアップする文化が根付いており、業務を通じてエンジニアとしてのスキルが着実に伸びている。,positive,synthetic,teacher
64,IT系スタートアップ,成長,失敗しても責める風土がなく、試行錯誤を繰り返すなかで自然と問題解決力が身についてきた。,positive,synthetic,teacher
65,IT系スタートアップ,成長,上司との距離が近く、週次の1on1で的確なフィードバックをもらえるため、課題を素早く克服できる。,positive,synthetic,teacher
66,IT系スタートアップ,成長,入社1年でバックエンドだけでなくインフラまで触れるようになり、フルスタックに近い経験が積めた。,positive,synthetic,teacher
67,IT系スタートアップ,成長,組織がフラットなぶん、自分で考えて動かないといけない場面が多く、それが結果的に大きな成長につながっている。,positive,synthetic,teacher
68,IT系スタートアップ,成長,社内勉強会や外部カンファレンスへの参加を会社が積極的に支援してくれるので、最前線の知識を常にアップデートできる。,positive,synthetic,teacher
69,IT系スタートアップ,成長,入社半年でチームリーダーを任され、スタートアップならではのスピードで確実にスキルが身についていると感じる。,positive,synthetic,teacher
70,IT系スタートアップ,成長,技術的な挑戦を歓迎する文化があり、自分のペースで新しい領域に踏み込める環境が成長を後押ししてくれている。,positive,synthetic,teacher
71,IT系スタートアップ,成長,入社時はスキルアップできると聞いていたが、実際は同じ作業の繰り返しで、1年以上経っても技術的な成長を感じられない。,negative,synthetic,teacher
72,IT系スタートアップ,成長,上司が忙しすぎてフィードバックをもらえる機会がほぼなく、自分が正しい方向に成長できているのか不安が続いている。,negative,synthetic,teacher
73,IT系スタートアップ,成長,スタートアップならではのスピード感はあるが、その分じっくり学ぶ余裕がなく、表面的なこなし方しか身につかない気がする。,negative,synthetic,teacher
74,IT系スタートアップ,成長,研修制度が整っておらず、全て自己学習任せ。業務時間外に自分で勉強しないと置いていかれる雰囲気がつらい。,negative,synthetic,teacher
75,IT系スタートアップ,成長,新しい技術に触れる機会があると聞いていたのに、実際は古いコードの保守ばかりで、キャリアの停滞を感じはじめた。,negative,synthetic,teacher
76,IT系スタートアップ,成長,メンター制度が名ばかりで、担当者も手一杯のため実質的なサポートはゼロに近く、孤独に業務をこなすだけになっている。,negative,synthetic,teacher
77,IT系スタートアップ,成長,社内に技術的に尊敬できる先輩がおらず、誰に聞けばいいかわからないまま時間だけが過ぎていく。,negative,synthetic,teacher
78,IT系スタートアップ,成長,プロダクトの成長を優先するあまり、個人のスキルアップは完全に後回しにされており、エンジニアとして将来が心配になってきた。,negative,synthetic,teacher
79,IT系スタートアップ,成長,入社当初は成長できると期待していたが、実際は同じ作業の繰り返しで、スキルアップの機会がほとんどない。,negative,synthetic,teacher
80,IT系スタートアップ,成長,常に人手不足で目の前のタスクをこなすだけで精一杯になり、新しい技術を学ぶ余裕がまったく持てなかった。,negative,synthetic,teacher
81,IT系スタートアップ,成長,成長できる環境は整っているが、それを活かせるかどうかは完全に自分次第だと感じる。,neutral,synthetic,teacher
82,IT系スタートアップ,成長,技術的なスキルは確実に伸びたが、それが激務と引き換えだったかどうか、今でも判断がつかない。,neutral,synthetic,teacher
83,IT系スタートアップ,成長,裁量が大きい分、成長できるかどうかは個人の資質に左右される部分が大きい。,neutral,synthetic,teacher
84,IT系スタートアップ,成長,新しい技術に触れる機会は多いが、体系的に学べる仕組みがないため、成長の深さにムラが出る。,neutral,synthetic,teacher
85,IT系スタートアップ,成長,スピード感のある環境で経験値は積めたと思うが、じっくり基礎を固める時間はなかった。,neutral,synthetic,teacher
86,IT系スタートアップ,成長,入社前と比べて確かに成長はしたが、その成長が自分の望む方向かと聞かれると少し迷う。,neutral,synthetic,teacher
87,IT系スタートアップ,成長,フェーズによって求められることが変わるため、成長実感は時期によってかなり異なる。,neutral,synthetic,teacher
88,IT系スタートアップ,成長,上を見ればロールモデルになりそうな先輩もいるが、教わる機会が少ないのが正直なところ。,neutral,synthetic,teacher
89,IT系スタートアップ,成長,スキルアップの機会自体は多いが、それを活かせるかは完全に本人次第で、成長できる人とそうでない人の差が大きい。,neutral,synthetic,teacher
90,IT系スタートアップ,成長,事業フェーズの変化が早いため幅広い経験は積めるものの、一つひとつを深く掘り下げる余裕があるかというと、正直なところ微妙だ。,neutral,synthetic,teacher
91,IT系スタートアップ,社風,フラットな組織で、入社直後から自分の意見を臆せず発言できる雰囲気があり、それが仕事のやりがいにつながっている。,positive,synthetic,teacher
92,IT系スタートアップ,社風,スピード感を大切にしながらも失敗を責めない文化が根付いており、新しいことに挑戦しやすい環境だと感じる。,positive,synthetic,teacher
93,IT系スタートアップ,社風,週次の全社MTGでは経営陣が直接事業の現状を共有してくれるので、会社の方向性が見えやすく安心感がある。,positive,synthetic,teacher
94,IT系スタートアップ,社風,チーム間の壁が低く、エンジニアとデザイナーが気軽に連携できるので、プロダクトへの一体感が生まれやすい。,positive,synthetic,teacher
95,IT系スタートアップ,社風,リモートと出社を柔軟に選べるだけでなく、各自の裁量で働き方を決められる点が、自律心を育ててくれる。,positive,synthetic,teacher
96,IT系スタートアップ,社風,入社後すぐにコアな業務を任せてもらえたことで、自分が会社の成長に貢献しているという実感を持ちやすい。,positive,synthetic,teacher
97,IT系スタートアップ,社風,経営陣との距離が近く、施策について率直にフィードバックをもらえる機会が多いため、成長スピードが速い。,positive,synthetic,teacher
98,IT系スタートアップ,社風,多様なバックグラウンドを持つメンバーが集まっているため、日々の議論から新しい視点を吸収できる刺激的な環境だ。,positive,synthetic,teacher
99,IT系スタートアップ,社風,フラットな組織で年齢や役職に関係なく意見を言いやすく、若手でも裁量を持って働ける環境が整っている。,positive,synthetic,teacher
100,IT系スタートアップ,社風,チーム全体の雰囲気が明るく部署を超えた交流も活発なので、入社直後から職場に馴染みやすかった。,positive,synthetic,teacher
101,IT系スタートアップ,社風,経営陣の方針が突然変わることが多く、現場は常に振り回されている印象だった。,negative,synthetic,teacher
102,IT系スタートアップ,社風,フラットな組織と言いながら実態は創業メンバーだけで意思決定が完結しており、後から入社した社員の意見はほぼ通らない。,negative,synthetic,teacher
103,IT系スタートアップ,社風,スピード重視の文化が行き過ぎて、品質や社員の体調への配慮がまったく感じられなかった。,negative,synthetic,teacher
104,IT系スタートアップ,社風,ミッションやバリューを頻繁に語る割に、日々の業務でそれが体現されている場面を一度も見たことがない。,negative,synthetic,teacher
105,IT系スタートアップ,社風,社内コミュニケーションがSlackに依存しすぎており、深夜や休日でも既読を求められる空気があって消耗した。,negative,synthetic,teacher
106,IT系スタートアップ,社風,上司によって評価基準が全く異なり、成果よりも声の大きさや存在感で評価が決まる雰囲気がある。,negative,synthetic,teacher
107,IT系スタートアップ,社風,「家族のような会社」という言葉を入社前によく聞かされたが、実際は馴れ合いと属人化が蔓延しているだけだった。,negative,synthetic,teacher
108,IT系スタートアップ,社風,採用時に「裁量がある」と強調されたが、重要な判断はすべて特定の古参メンバーに集中しており、裁量を感じる場面はほとんどなかった。,negative,synthetic,teacher
109,IT系スタートアップ,社風,スタートアップらしい自由な社風と聞いていたが、実態はルールも評価基準もなく、声の大きい人間の意見だけが通る雰囲気で息苦しかった。,negative,synthetic,teacher
110,IT系スタートアップ,社風,少数精鋭を謳っているが要は人手不足を美化しているだけで、チームワークより個人プレーが優先される殺伐とした空気が漂っていた。,negative,synthetic,teacher
111,IT系スタートアップ,社風,自由な雰囲気は好きだが、その分ルールが曖昧で何が正解かわからないことも多い。,neutral,synthetic,teacher
112,IT系スタートアップ,社風,風通しは良いと思うが、経営陣の方針が変わりやすく、チームの方向性が定まらない印象もある。,neutral,synthetic,teacher
113,IT系スタートアップ,社風,フラットな組織で発言しやすい半面、責任の所在がはっきりしないまま物事が進むことがある。,neutral,synthetic,teacher
114,IT系スタートアップ,社風,スピード感があって刺激的ではあるものの、落ち着いて仕事に集中できる環境かと聞かれると迷う。,neutral,synthetic,teacher
115,IT系スタートアップ,社風,挑戦を歓迎する文化自体は悪くないが、それが当然という空気になっていて、少し息苦しさを感じることもある。,neutral,synthetic,teacher
116,IT系スタートアップ,社風,横のつながりは強く居心地は悪くないが、部署によって文化がかなり違うため一言では語れない。,neutral,synthetic,teacher
117,IT系スタートアップ,社風,裁量を持って動けるのはありがたいが、サポート体制が薄く、孤独に感じる場面も正直ある。,neutral,synthetic,teacher
118,IT系スタートアップ,社風,オープンで明るい雰囲気だと思うが、変化が激しすぎて馴染む前に環境が変わってしまうことも多い。,neutral,synthetic,teacher
119,IT系スタートアップ,社風,自由な雰囲気は好きだが、方針がよく変わるので人によって合う合わないがはっきり分かれそうだ。,neutral,synthetic,teacher
120,IT系スタートアップ,社風,フラットな組織で発言はしやすい一方、責任の所在が曖昧になりがちで、慣れるまでは戸惑うこともある。,neutral,synthetic,teacher
121,IT系スタートアップ,人間関係,チームの雰囲気が良く、年齢や役職に関係なく意見を言い合える文化が根付いている。,positive,synthetic,teacher
122,IT系スタートアップ,人間関係,エンジニアとデザイナーの垣根が低く、日常的に気軽に相談し合える関係が心地よい。,positive,synthetic,teacher
123,IT系スタートアップ,人間関係,入社直後から先輩が親身にフォローしてくれて、職場に馴染むのに時間がかからなかった。,positive,synthetic,teacher
124,IT系スタートアップ,人間関係,上司との距離感がちょうどよく、業務の相談だけでなくキャリアについても話しやすい雰囲気がある。,positive,synthetic,teacher
125,IT系スタートアップ,人間関係,フラットな組織なので部署を超えたつながりが自然に生まれやすく、社内に知り合いが増えた。,positive,synthetic,teacher
126,IT系スタートアップ,人間関係,週次の振り返りを重ねるうちにメンバー同士の信頼関係が着実に育まれていると実感している。,positive,synthetic,teacher
127,IT系スタートアップ,人間関係,同僚がお互いの成長を応援し合う雰囲気があり、競争より協力を大切にする文化が自分に合っている。,positive,synthetic,teacher
128,IT系スタートアップ,人間関係,ランチや社内イベントで普段関わらないメンバーとも交流できるため、自然と人間関係の幅が広がった。,positive,synthetic,teacher
129,IT系スタートアップ,人間関係,フラットな組織なので入社直後からエンジニアもデザイナーも気軽に話せる雰囲気があり、チーム全体で助け合う文化が根付いていると感じる。,positive,synthetic,teacher
130,IT系スタートアップ,人間関係,スタートアップらしく年齢や肩書きに関係なく意見を言い合える関係性で、困ったときにすぐ相談できる同僚がいるのはとても心強い。,positive,synthetic,teacher
131,IT系スタートアップ,人間関係,少人数のチームなのに派閥があり、エンジニア同士の情報共有がほとんど行われない雰囲気だった。,negative,synthetic,teacher
132,IT系スタートアップ,人間関係,創業メンバーと後から入社した社員の間に見えない壁があり、重要な意思決定から外されることが多かった。,negative,synthetic,teacher
133,IT系スタートアップ,人間関係,上司へのフィードバックは建前上は歓迎されているが、実際に意見を言うと明らかに態度が変わる。,negative,synthetic,teacher
134,IT系スタートアップ,人間関係,リモート主体の職場で、チャットでのコミュニケーションが淡白すぎて、誰が何を考えているのかまったく読めない。,negative,synthetic,teacher
135,IT系スタートアップ,人間関係,スタートアップ特有のノリについていける人だけが評価される空気があり、合わない人は自然と孤立していく。,negative,synthetic,teacher
136,IT系スタートアップ,人間関係,技術力より経営陣との距離感で評価が決まるような雰囲気があり、実力主義とは程遠い人間関係だった。,negative,synthetic,teacher
137,IT系スタートアップ,人間関係,同僚間の競争意識が強く、困ったときに助け合うというカルチャーがほぼ存在しない。,negative,synthetic,teacher
138,IT系スタートアップ,人間関係,気づいたら会議に呼ばれなくなっており、自分が疎外されていることに後から気づくような職場だった。,negative,synthetic,teacher
139,IT系スタートアップ,人間関係,少人数のチームなのに派閥があり、創業メンバーとそれ以外で明らかに扱いが違うと感じることが多かった。,negative,synthetic,teacher
140,IT系スタートアップ,人間関係,エンジニア同士のコミュニケーションがSlackだけで完結していて、隣に座っていても会話がなく、孤立感を覚えた。,negative,synthetic,teacher
141,IT系スタートアップ,人間関係,チームの雰囲気は悪くないが、プロジェクトの忙しさによって関係性が大きく変わるため、安定感はあまりない。,neutral,synthetic,teacher
142,IT系スタートアップ,人間関係,個人の裁量が大きい分、助け合いの文化は薄めで、慣れれば問題ないが最初は孤独を感じることもある。,neutral,synthetic,teacher
143,IT系スタートアップ,人間関係,優秀な人が多く刺激にはなるが、競争意識も強く、純粋な仲間意識とは少し異なる雰囲気がある。,neutral,synthetic,teacher
144,IT系スタートアップ,人間関係,上司との距離は近くフラットな関係ではあるものの、忙しさから相談しづらい場面も正直あった。,neutral,synthetic,teacher
145,IT系スタートアップ,人間関係,同僚との仲は業務上は円滑だが、プライベートな交流はほぼなく、職場の人間関係に留まっている印象。,neutral,synthetic,teacher
146,IT系スタートアップ,人間関係,人の入れ替わりが多いので深い関係を築きにくく、良い人もいるがそれが長続きしないのがもどかしい。,neutral,synthetic,teacher
147,IT系スタートアップ,人間関係,オープンなコミュニケーションが推奨されている一方で、実際には声の大きい人の意見が通りやすく、複雑に感じることがある。,neutral,synthetic,teacher
148,IT系スタートアップ,人間関係,チームによって雰囲気がかなり異なり、自分のいる環境が良いだけに、他チームとの温度差が気になることがある。,neutral,synthetic,teacher
149,IT系スタートアップ,人間関係,メンバー同士の距離感は近く話しやすい雰囲気はあるが、プロジェクトが変わるたびにチームが入れ替わるため、深い信頼関係を築く前に環境が変わってしまう印象がある。,neutral,synthetic,teacher
150,IT系スタートアップ,人間関係,個人の裁量が大きい分、助け合いの文化が根付いているかは人によって差があり、うまくやれるかどうかは自分次第という感じが強い。,neutral,synthetic,teacher
151,大手製造業,残業,残業代は全額支給されており、サービス残業は一切ないため、安心して働けています。大手ならではの労務管理の徹底さを感じます。,positive,synthetic,teacher
152,大手製造業,残業,働き方改革の推進が本格的で、入社当初と比べて残業時間が大幅に減り、プライベートとの両立がしやすくなりました。,positive,synthetic,teacher
153,大手製造業,残業,繁忙期には多少残業が発生しますが、それ以外の時期は定時退社が当たり前の雰囲気で、メリハリをつけて働けています。,positive,synthetic,teacher
154,大手製造業,残業,上司が率先して定時に帰宅するため、自然と残業しにくい（良い意味での）空気感があり、働きやすいです。,positive,synthetic,teacher
155,大手製造業,残業,製造ラインの効率化が進んだおかげで、数年前に比べると残業が格段に少なくなったと先輩社員たちも口をそろえて言っています。,positive,synthetic,teacher
156,大手製造業,残業,ノー残業デーが週複数回設けられており、会社全体で長時間労働を抑制しようとする姿勢が伝わってきます。,positive,synthetic,teacher
157,大手製造業,残業,残業申請のルールが明確で、承認なし・理由なしの残業はできない仕組みになっているため、無駄な拘束時間がありません。,positive,synthetic,teacher
158,大手製造業,残業,万が一残業になっても1分単位できちんと賃金が支払われるので、納得感があり不満になることはほぼないです。,positive,synthetic,teacher
159,大手製造業,残業,部署全体で残業削減に積極的に取り組んでおり、月の残業時間が平均10時間以内に収まっているのは本当に助かっています。,positive,synthetic,teacher
160,大手製造業,残業,残業代は1分単位でしっかり支払われるため、多少遅くなっても納得感があり、働きやすい環境だと感じています。,positive,synthetic,teacher
161,大手製造業,残業,月の残業が80時間を超えることも珍しくなく、体力的にも精神的にも限界を感じている。,negative,synthetic,teacher
162,大手製造業,残業,生産ラインの都合で退社時間が毎日読めず、プライベートの予定がまったく立てられない。,negative,synthetic,teacher
163,大手製造業,残業,上司より先に帰ることが暗黙的に禁じられており、仕事が終わっても席を立てない雰囲気がつらい。,negative,synthetic,teacher
164,大手製造業,残業,サービス残業が当たり前のように求められ、申請できない残業代が相当な額に上ると思う。,negative,synthetic,teacher
165,大手製造業,残業,決算期や新製品ラインの立ち上げ前は深夜まで拘束される日が続き、体調を崩す社員が後を絶たない。,negative,synthetic,teacher
166,大手製造業,残業,残業時間は36協定の上限ギリギリで運用されているが、実態はそれをはるかに超えていると感じる。,negative,synthetic,teacher
167,大手製造業,残業,入社前に残業は少ないと聞かされていたが、実際には月60〜70時間が当たり前で、説明とのギャップが大きかった。,negative,synthetic,teacher
168,大手製造業,残業,帰宅が深夜になる日が週に何度もあり、家族と夕食を共にできることが月に数えるほどしかない。,negative,synthetic,teacher
169,大手製造業,残業,月の残業が慢性的に60〜80時間に及ぶことが多く、定時退社はほぼ期待できない雰囲気がある。,negative,synthetic,teacher
170,大手製造業,残業,繁忙期になると終電近くまで作業が続くことも珍しくなく、翌日もそのまま出社しなければならないのが本当につらい。,negative,synthetic,teacher
171,大手製造業,残業,部署や時期によって残業時間にかなり差があり、閑散期はほぼ定時だが繁忙期には月40時間を超えることもある。,neutral,synthetic,teacher
172,大手製造業,残業,残業代はきちんと支給されるので不満とまでは言えないが、連続して続くと体力的にしんどくなってくる。,neutral,synthetic,teacher
173,大手製造業,残業,ライン作業は急な延長がありプライベートの予定が立てにくい一方、その分手取りが増えるのは事実だ。,neutral,synthetic,teacher
174,大手製造業,残業,多い月と少ない月の波が激しく、「残業が多い職場」とも「少ない職場」とも断言しにくいのが正直なところ。,neutral,synthetic,teacher
175,大手製造業,残業,同期に聞くと配属先によって状況が全然異なるらしく、一概に評価するのが難しい。,neutral,synthetic,teacher
176,大手製造業,残業,36協定の範囲内ではあるものの上限に近い月もあり、守られているという安心感と疲労感が同時にある。,neutral,synthetic,teacher
177,大手製造業,残業,残業が多いとは思わないが、毎日定時で帰れるわけでもなく、「普通」という感覚が一番近い。,neutral,synthetic,teacher
178,大手製造業,残業,繁忙期に残業が集中する工場の構造上、年間を通じれば許容範囲だと思うが、その時期だけは正直きつい。,neutral,synthetic,teacher
179,大手製造業,残業,繁忙期は月40〜50時間の残業が続くこともあるが、閑散期はほぼ定時で帰れるため、年間を通じてみると極端に多いとは言い切れない。,neutral,synthetic,teacher
180,大手製造業,残業,残業代はきちんと出るので金銭的な不満はないものの、そもそも残業が前提で仕事量が組まれているのが常態化している点は複雑な気持ちになる。,neutral,synthetic,teacher
181,大手製造業,給与,大手メーカーならではの安定した給与水準で、毎年の定期昇給も確実に実施されており、生活設計が立てやすい。,positive,synthetic,teacher
182,大手製造業,給与,残業代が全額支給される点は非常にありがたく、繁忙期には給与明細を見てモチベーションが上がる。,positive,synthetic,teacher
183,大手製造業,給与,同業他社と比較しても基本給が高めに設定されており、入社後に給与面での不満はほとんど感じていない。,positive,synthetic,teacher
184,大手製造業,給与,賞与は年2回支給され、業績連動とはいえ安定した製造ラインのおかげで大きく下振れすることがなく助かっている。,positive,synthetic,teacher
185,大手製造業,給与,製造職でも技能手当や資格手当が充実しており、スキルを磨くほど着実に収入が増える仕組みが整っている。,positive,synthetic,teacher
186,大手製造業,給与,年次を重ねるごとに着実に給与が上がり、30代で同世代の平均を大きく上回る水準に達することができた。,positive,synthetic,teacher
187,大手製造業,給与,住宅手当や家族手当など各種手当が手厚く、額面だけでなく実質的な待遇の良さを日々実感している。,positive,synthetic,teacher
188,大手製造業,給与,グローバルに展開する大企業だけあって給与体系が透明で、評価基準も明確なため納得感を持って働けている。,positive,synthetic,teacher
189,大手製造業,給与,大手メーカーだけあって給与水準は業界平均を上回っており、毎年の昇給も安定しているので生活設計が立てやすい。,positive,synthetic,teacher
190,大手製造業,給与,残業代が全額支給される上にボーナスも年2回しっかり出るため、入社前の想定より手取りが多く満足している。,positive,synthetic,teacher
191,大手製造業,給与,年功序列が強く、若手のうちはいくら頑張っても給与がほとんど上がらない。,negative,synthetic,teacher
192,大手製造業,給与,大手の看板を掲げているわりに、同業他社と比べて基本給が明らかに低いと感じる。,negative,synthetic,teacher
193,大手製造業,給与,ボーナスは業績連動と聞いていたが、実際は会社が黒字でも微々たる額しか支給されなかった。,negative,synthetic,teacher
194,大手製造業,給与,残業代はきちんと出るものの、基本給が低すぎて手取りに満足できない。,negative,synthetic,teacher
195,大手製造業,給与,入社10年経ってもほとんど昇給がなく、モチベーションが上がらない。,negative,synthetic,teacher
196,大手製造業,給与,転勤や夜勤も多いのに、それに見合った給与が全く反映されていない。,negative,synthetic,teacher
197,大手製造業,給与,物価が上がっているのに賃上げはほぼゼロで、生活がじわじわ苦しくなっている。,negative,synthetic,teacher
198,大手製造業,給与,給与体系が複雑で、何をどう頑張れば上がるのかが全く見えてこない。,negative,synthetic,teacher
199,大手製造業,給与,残業が多い割に基本給が低く、同業他社と比べても明らかに見劣りする水準で、長く働き続けるモチベーションが保てない。,negative,synthetic,teacher
200,大手製造業,給与,年功序列の色が強く、成果を出しても給与への反映がほとんどなく、若手が報われない仕組みになっていると感じる。,negative,synthetic,teacher
201,大手製造業,給与,基本給は同業他社と比べて大きく劣るわけではないが、昇給ペースが遅く、年齢を重ねても思ったほど上がらないと感じることがある。,neutral,synthetic,teacher
202,大手製造業,給与,ボーナスは業績次第で大きく変動するため、年収が読みにくく、生活設計が立てづらい面もある。,neutral,synthetic,teacher
203,大手製造業,給与,残業代はきちんと支給されるので手取りはそれなりだが、残業ありきの給与体系になっている気がしなくもない。,neutral,synthetic,teacher
204,大手製造業,給与,世間一般の大手水準と比べると悪くはないが、仕事の責任の重さに見合っているかと問われると微妙なところだ。,neutral,synthetic,teacher
205,大手製造業,給与,新卒の初任給は標準的で特に不満はなかったが、中堅になっても給与の伸びが緩やかで複雑な心境になる。,neutral,synthetic,teacher
206,大手製造業,給与,定期昇給制度はあるものの上げ幅が小さく、物価上昇を考えると実質的に上がっているのかどうかよくわからない。,neutral,synthetic,teacher
207,大手製造業,給与,部門や担当する製品ラインによって評価に差が出ることがあり、同期でも給与に開きが生まれるのが何とも言えない。,neutral,synthetic,teacher
208,大手製造業,給与,福利厚生が充実している分、現金給与は抑えられている印象で、トータルで見ると悪くないとも言えるし物足りないとも感じる。,neutral,synthetic,teacher
209,大手製造業,給与,基本給は業界水準並みだが、残業代込みでようやく生活できる水準になるという現実は否めない。,neutral,synthetic,teacher
210,大手製造業,給与,昇給は毎年あるものの微々たるもので、頑張りが給与に反映されているのかどうか正直よくわからない。,neutral,synthetic,teacher
211,大手製造業,成長,入社後すぐにOJTで現場を経験でき、技術的なスキルが着実に身についていると実感している。,positive,synthetic,teacher
212,大手製造業,成長,若手にも裁量が与えられる環境で、半年でプロジェクトリーダーを任され大きく成長できた。,positive,synthetic,teacher
213,大手製造業,成長,社内の技術研修制度が充実しており、自分のペースで専門知識を深められる点がありがたい。,positive,synthetic,teacher
214,大手製造業,成長,ベテランの社員から直接指導を受ける機会が多く、現場の知恵を吸収しながら着実にスキルアップできている。,positive,synthetic,teacher
215,大手製造業,成長,改善提案を積極的に受け入れてもらえる文化があり、自分のアイデアを実践しながら成長を感じられる。,positive,synthetic,teacher
216,大手製造業,成長,製造ラインの幅広い工程を経験させてもらえるため、エンジニアとして視野が広がったと感じる。,positive,synthetic,teacher
217,大手製造業,成長,資格取得支援制度を活用して国家資格を取得でき、自分の市場価値が上がっているのを実感している。,positive,synthetic,teacher
218,大手製造業,成長,上司との定期的な面談を通じてキャリアの方向性を一緒に考えてもらえるので、目標に向かって着実に成長できる環境だと思う。,positive,synthetic,teacher
219,大手製造業,成長,資格取得支援制度が充実しており、入社3年で技術士補の資格を会社のサポートを受けながら取得できた。,positive,synthetic,teacher
220,大手製造業,成長,ジョブローテーションで設計・製造・品質管理と幅広い部署を経験できるため、エンジニアとして着実にスキルの幅が広がっていると実感している。,positive,synthetic,teacher
221,大手製造業,成長,年功序列が根強く、どれだけ成果を出しても若手のうちは正当に評価されない。会社として人を育てる気があるのか、疑問を感じ続けた3年間だった。,negative,synthetic,teacher
222,大手製造業,成長,同じ工程を何年も繰り返すだけで、新しい技術や知識を身につける機会がほとんど与えられない。,negative,synthetic,teacher
223,大手製造業,成長,研修制度は一応あるが内容が古く形式的で、現場で本当に役立つスキルが磨ける環境とは言いがたい。,negative,synthetic,teacher
224,大手製造業,成長,新しいことに挑戦しようとしても、承認が何段階も必要なため結局は前例踏襲に落ち着いてしまう。,negative,synthetic,teacher
225,大手製造業,成長,社内公募制度はあるものの、上司の許可が得られなければ応募すら難しく、自発的なキャリアチェンジは事実上困難だ。,negative,synthetic,teacher
226,大手製造業,成長,若手が会議で意見を出しても黙殺されることが多く、成長につながる仕事を任せてもらえる気配がない。,negative,synthetic,teacher
227,大手製造業,成長,配属先がほぼ固定されたまま数年が過ぎ、このままでは社外でも通用するスキルが何も残らないと焦りを感じ始めた。,negative,synthetic,teacher
228,大手製造業,成長,安定した大企業という看板の裏側で変化が乏しく、自分が止まったまま時間だけが流れていく感覚がある。,negative,synthetic,teacher
229,大手製造業,成長,年功序列が根強く、若手がいくら成果を出しても評価に反映されないため、スキルアップのモチベーションが続かない。,negative,synthetic,teacher
230,大手製造業,成長,OJTは名ばかりで先輩社員も忙しく、入社後しばらくは放置される状態が続き、自己成長の機会をつかむのが難しかった。,negative,synthetic,teacher
231,大手製造業,成長,研修制度は整っているが、実際に成長を実感できるかは配属先の上司次第というのが正直なところだ。,neutral,synthetic,teacher
232,大手製造業,成長,大規模なプロジェクトに携わる機会はあるものの、担当範囲が細分化されており、専門性が深まる一方で視野が狭まる感覚もある。,neutral,synthetic,teacher
233,大手製造業,成長,ジョブローテーションで幅広い経験は積めるが、一つの分野を極めたい人にとっては少々もどかしさを覚える仕組みでもある。,neutral,synthetic,teacher
234,大手製造業,成長,数年単位で振り返ると着実にスキルは身についているが、若いうちにもっとスピード感を持って成長したかったというのが本音だ。,neutral,synthetic,teacher
235,大手製造業,成長,技術力を磨ける環境ではあるが、それが昇進やキャリアアップに直結するかと言えば、必ずしもそうとは言い切れない。,neutral,synthetic,teacher
236,大手製造業,成長,社内研修のラインナップは豊富なものの、繁忙期と重なると受講できないケースが多く、計画通りに学べるとは限らない。,neutral,synthetic,teacher
237,大手製造業,成長,長く働けば一定の成長はできると思うが、業界全体として変化のペースが緩やかで、刺激を求める人には物足りなく映るかもしれない。,neutral,synthetic,teacher
238,大手製造業,成長,成長の実感は持てるものの、それを活かせるポストが社内に十分に用意されているかどうかは、また別の問題だと感じている。,neutral,synthetic,teacher
239,大手製造業,成長,研修制度は整っているが、実際にスキルを伸ばせるかどうかは配属先の部署や上司次第で、当たり外れが大きい。,neutral,synthetic,teacher
240,大手製造業,成長,長く働けば社内での立場は上がっていくものの、業務が細分化されているため、幅広い経験を積むというよりは特定分野の専門性に偏りやすい。,neutral,synthetic,teacher
241,大手製造業,社風,ものづくりへの誇りが社員全体に根付いており、部署を越えて協力し合う雰囲気が自然と生まれている。,positive,synthetic,teacher
242,大手製造業,社風,長期的な視点で事業を考える文化が浸透しており、焦らず着実に成長できる環境が整っている。,positive,synthetic,teacher
243,大手製造業,社風,現場の意見が経営層にも届きやすく、風通しの良さを入社後すぐに実感した。,positive,synthetic,teacher
244,大手製造業,社風,チームワークを重んじる社風で、困ったときに周囲が自然と手を差し伸べてくれる場面が多い。,positive,synthetic,teacher
245,大手製造業,社風,技術を磨くことへの敬意が社内に根付いており、専門性を高めようとする姿勢が評価される文化がある。,positive,synthetic,teacher
246,大手製造業,社風,新しいことに挑戦する際も上司や同僚がサポートしてくれるため、安心して業務に取り組める雰囲気だ。,positive,synthetic,teacher
247,大手製造業,社風,堅実さと誠実さを大切にする企業風土があり、地に足のついた仕事ができると感じている。,positive,synthetic,teacher
248,大手製造業,社風,部門間の連携が活発で、製造・開発・営業が一丸となってプロジェクトを進める一体感が心地よい。,positive,synthetic,teacher
249,大手製造業,社風,風通しの良い職場で、部署を超えた横のつながりも強く、困ったときに声をかけやすい雰囲気が根付いている。,positive,synthetic,teacher
250,大手製造業,社風,長年の歴史がある会社ながら、現場からの改善提案を積極的に取り上げる土壌があり、働いていて誇りを感じられる。,positive,synthetic,teacher
251,大手製造業,社風,古い体質が根強く残っており、上司の意見に反論することは暗黙のうちに禁じられている雰囲気がある。,negative,synthetic,teacher
252,大手製造業,社風,年功序列が徹底されていて、若手がいくら成果を出しても評価される文化がまったく育っていない。,negative,synthetic,teacher
253,大手製造業,社風,部署間の縦割りが激しく、他部門との連携を取ろうとすると途端に話が進まなくなる。,negative,synthetic,teacher
254,大手製造業,社風,形式的な報告書や承認フローが多すぎて、本来の業務より社内調整に費やす時間のほうが長い。,negative,synthetic,teacher
255,大手製造業,社風,変化を嫌う風土が強く、新しいやり方を提案しても『前例がない』の一言で片付けられてしまう。,negative,synthetic,teacher
256,大手製造業,社風,現場の意見が経営層にまったく届いておらず、上からの方針が一方的に降りてくるだけで議論の余地がない。,negative,synthetic,teacher
257,大手製造業,社風,飲み会への参加が半ば義務化されており、断ると翌日から微妙に態度が変わる人が一定数いる。,negative,synthetic,teacher
258,大手製造業,社風,コンプライアンス研修は充実しているが、実態は声の大きい古参社員の慣習が優先される場面が多い。,negative,synthetic,teacher
259,大手製造業,社風,年功序列の風土が根強く、若手の意見がどれだけ的を射ていても上司の鶴の一声でひっくり返されることが多い。,negative,synthetic,teacher
260,大手製造業,社風,部署間の縦割り意識が強く、他部門と連携しようとすると何かと壁があり、社内調整だけで疲弊してしまう。,negative,synthetic,teacher
261,大手製造業,社風,年功序列の文化が根強く残っており、安定感はあるが若手が意見を通しにくい面もある。,neutral,synthetic,teacher
262,大手製造業,社風,部署によって雰囲気がかなり異なるため、配属先次第で職場環境の評価は大きく変わりそうだ。,neutral,synthetic,teacher
263,大手製造業,社風,伝統を大切にする社風は安心感を与えてくれる一方、変化への対応が遅いと感じることも少なくない。,neutral,synthetic,teacher
264,大手製造業,社風,チームワークを重んじる文化は良いと思うが、個人の裁量が限られている点が窮屈に映ることもある。,neutral,synthetic,teacher
265,大手製造業,社風,上下関係はしっかりしていて規律があるが、それが働きやすさにつながるかどうかは人によって分かれる。,neutral,synthetic,teacher
266,大手製造業,社風,保守的な雰囲気が安定をもたらしている反面、新しいことに挑戦しようとすると壁を感じる場面がある。,neutral,synthetic,teacher
267,大手製造業,社風,真面目に働く人が多く職場の雰囲気は悪くないが、かといって活気があるとも言いにくい。,neutral,synthetic,teacher
268,大手製造業,社風,現場によって文化の浸透度が違い、同じ会社とは思えないほど雰囲気が異なることがある。,neutral,synthetic,teacher
269,大手製造業,社風,伝統を重んじる風土は安心感もあるが、変化を求める人には息苦しく感じる場面も少なくない。,neutral,synthetic,teacher
270,大手製造業,社風,現場によって雰囲気がかなり異なり、配属先次第で働きやすさが大きく変わるという印象を受けた。,neutral,synthetic,teacher
271,大手製造業,人間関係,部署を越えた協力体制が整っており、困ったときは先輩社員が親身になって相談に乗ってくれる文化が根付いている。,positive,synthetic,teacher
272,大手製造業,人間関係,長く勤めるベテランの方々も気さくで、入社直後から職場に溶け込みやすかった。,positive,synthetic,teacher
273,大手製造業,人間関係,製造ラインでは互いに助け合う雰囲気が自然と醸成されており、チームとしての一体感を日々感じられる。,positive,synthetic,teacher
274,大手製造業,人間関係,上司との距離感が程よく、業務上の相談だけでなく、キャリアについても率直に話せる関係性が築けた。,positive,synthetic,teacher
275,大手製造業,人間関係,同期入社のメンバーとの絆が強く、部署が違っても声をかけ合える仲間がいることが励みになっている。,positive,synthetic,teacher
276,大手製造業,人間関係,現場リーダーが一人ひとりの状況をきちんと把握してくれているため、無理なく働ける環境が整っている。,positive,synthetic,teacher
277,大手製造業,人間関係,異なる工程を担う社員同士が定期的に情報共有する習慣があり、職場全体の風通しの良さにつながっている。,positive,synthetic,teacher
278,大手製造業,人間関係,年齢や役職に関係なく意見を言いやすい雰囲気があり、新入りの提案でも真剣に受け止めてもらえた。,positive,synthetic,teacher
279,大手製造業,人間関係,部署を超えたプロジェクトでも先輩社員が親身にサポートしてくれるため、新しい環境でも馴染みやすかった。,positive,synthetic,teacher
280,大手製造業,人間関係,ベテランと若手が一緒にラインに立つ文化が根付いており、技術の引き継ぎが自然とできる雰囲気がある。,positive,synthetic,teacher
281,大手製造業,人間関係,年功序列が根強く、若手が意見を言える雰囲気はほとんどない。上司の顔色を読みながら仕事をするのが当たり前になっていて、精神的に消耗する。,negative,synthetic,teacher
282,大手製造業,人間関係,部署間の壁が厚く、ちょっとした協力を依頼するだけでも面倒な根回しが必要で、社内の人間関係に振り回される日々が続いた。,negative,synthetic,teacher
283,大手製造業,人間関係,長年勤めているベテラン社員同士の派閥があり、新入りはどちらにも気を遣わなければならず、非常に居心地が悪かった。,negative,synthetic,teacher
284,大手製造業,人間関係,他部署から異動してきた人間には明らかに冷たく、馴染むまでに相当な時間がかかった。歓迎される雰囲気は皆無に近い。,negative,synthetic,teacher
285,大手製造業,人間関係,直属の上司がひいきを公然とするタイプで、評価される人と干される人がはっきり分かれており、チームとしての連帯感はほぼ感じられなかった。,negative,synthetic,teacher
286,大手製造業,人間関係,製造現場と事務方の対立意識が根深く、連携が必要な場面でも互いに非協力的で、仕事が進まないことが多かった。,negative,synthetic,teacher
287,大手製造業,人間関係,陰で人の悪口を言う文化が残っており、誰が何を言ったかすぐ広まるため、職場での会話に常に気を遣う必要があった。,negative,synthetic,teacher
288,大手製造業,人間関係,指導係のベテランは質問しても素っ気なく、周囲の先輩たちも忙しいふりをして関わろうとしないため、孤立した状態で仕事を覚えるしかなかった。,negative,synthetic,teacher
289,大手製造業,人間関係,上司によって態度がまったく違い、気に入られていない社員は会議でも発言を無視されることが多く、チームワークとは程遠い雰囲気です。,negative,synthetic,teacher
290,大手製造業,人間関係,年功序列が根強く、若手が提案しても古参社員に潰されるため、職場内の人間関係は表面上は穏やかでも底流に緊張感が漂っている。,negative,synthetic,teacher
291,大手製造業,人間関係,部署によって雰囲気が全然違い、配属先次第で居心地の良さが大きく変わる印象です。,neutral,synthetic,teacher
292,大手製造業,人間関係,上司との関係は可もなく不可もなく、特に仲が悪いわけではないが、距離感は常に保たれている。,neutral,synthetic,teacher
293,大手製造業,人間関係,長年勤めているベテラン社員と若手との間に見えない壁があり、うまくやれている人もいれば孤立している人もいる。,neutral,synthetic,teacher
294,大手製造業,人間関係,飲み会などの付き合いは昔よりずいぶん減ったが、その分プライベートと仕事の線引きが曖昧なままの関係も多い。,neutral,synthetic,teacher
295,大手製造業,人間関係,同じラインで働く仲間とは連帯感があるものの、他部署とはほとんど交流がなく、会社全体としての一体感は薄い。,neutral,synthetic,teacher
296,大手製造業,人間関係,上司は悪い人ではないが、相談しやすいかと聞かれると正直迷う。,neutral,synthetic,teacher
297,大手製造業,人間関係,社内の人間関係はおおむね穏やかだが、古株社員の影響力が強く、新入りが意見を言いにくい空気は否定できない。,neutral,synthetic,teacher
298,大手製造業,人間関係,チーム内の協力体制は整っているようで、いざというときには個人プレーになりがちな場面も少なくない。,neutral,synthetic,teacher
299,大手製造業,人間関係,現場の古参作業員はとっつきにくい印象だが、いざ困ったときは意外と助けてくれるので、距離感のつかみ方が難しい相手が多い。,neutral,synthetic,teacher
300,大手製造業,人間関係,部署異動があると人間関係をゼロから作り直す必要があり、前の職場の雰囲気が良かっただけに今のチームは可もなく不可もなくといった感じ。,neutral,synthetic,teacher
301,総合商社,残業,繁忙期はあるが、閑散期にしっかり休めるメリハリのある働き方ができている。,positive,synthetic,teacher
302,総合商社,残業,上司が残業を強制することはなく、定時に帰りやすい雰囲気が職場全体に根付いている。,positive,synthetic,teacher
303,総合商社,残業,部門によって差はあるが、働き方改革の取り組みが進んでおり、残業時間は以前より大幅に減った。,positive,synthetic,teacher
304,総合商社,残業,案件が大きくなる局面では残業が増えることもあるが、達成感があるので苦にならない。,positive,synthetic,teacher
305,総合商社,残業,フレックス制度が活用しやすく、残業が発生しても翌日に調整できるため、体力的な負担が少ない。,positive,synthetic,teacher
306,総合商社,残業,月の残業時間は平均20時間程度で、商社としては良い水準だと感じている。,positive,synthetic,teacher
307,総合商社,残業,チームで仕事を分担する文化があるため、特定の人に負荷が集中することなく、無理のない残業量に収まっている。,positive,synthetic,teacher
308,総合商社,残業,繁忙期でも残業代がきちんと支給されるので、働いた分が正当に評価されていると感じられる。,positive,synthetic,teacher
309,総合商社,残業,プロジェクトの繁忙期には残業が増えることもあるが、チーム全体でフォローし合う文化が根付いており、無駄な残業はほとんどない。,positive,synthetic,teacher
310,総合商社,残業,部署によって差はあるものの、近年は働き方改革が着実に浸透しており、以前と比べて定時退社できる日が明らかに増えた。,positive,synthetic,teacher
311,総合商社,残業,残業が常態化しており、定時に帰れる日はほとんどない。入社前に聞いていた「働き方改革」とは程遠い実態だった。,negative,synthetic,teacher
312,総合商社,残業,案件が動く時期は深夜まで残業が続き、体力的にかなりきつい。家族との時間がまったく取れず、転職を考え始めた。,negative,synthetic,teacher
313,総合商社,残業,残業代は支給されるものの、月80時間を超える月も珍しくなく、仕事とプライベートのバランスが完全に崩れている。,negative,synthetic,teacher
314,総合商社,残業,先輩が帰らないと帰りづらい雰囲気があり、実質的なサービス残業が積み重なる。制度と実態の乖離が大きいと感じた。,negative,synthetic,teacher
315,総合商社,残業,プロジェクトの締め切り前は終電帰りも当たり前で、有休もなかなか取れない。体が持つか不安になることもある。,negative,synthetic,teacher
316,総合商社,残業,海外案件を担当してからは時差の関係で早朝・深夜対応が増え、睡眠不足が慢性化している。,negative,synthetic,teacher
317,総合商社,残業,残業削減の目標数値は掲げられているが仕事量は変わらず、結局サービス残業で補うしかない状況が続いている。,negative,synthetic,teacher
318,総合商社,残業,若手のうちは断れない雰囲気のなかで残業をこなすことが暗黙の了解になっており、入社初年度から疲弊した。,negative,synthetic,teacher
319,総合商社,残業,案件が動き出すと土日関係なく連絡が入り、深夜まで対応が続くことも珍しくなく、プライベートの時間がほとんど確保できない。,negative,synthetic,teacher
320,総合商社,残業,繁忙期は終電で帰れれば良い方で、タクシー帰りが週に何度も続くような状況が常態化している。,negative,synthetic,teacher
321,総合商社,残業,部署や担当案件によって残業時間の差が大きく、自分の部署がたまたま少ないだけで全社的な傾向は把握しにくい。,neutral,synthetic,teacher
322,総合商社,残業,繁忙期は深夜まで続くことも珍しくないが、閑散期には定時で帰れる日もあり、年間を通じると可もなく不可もなくといった印象だ。,neutral,synthetic,teacher
323,総合商社,残業,残業が多いのは事実だが、その分仕事の規模や裁量が大きく、単純に多い少ないだけでは語れない側面がある。,neutral,synthetic,teacher
324,総合商社,残業,上司の方針次第で残業文化がまるで違うため、配属先のあたり外れという言葉が社内でもよく使われている。,neutral,synthetic,teacher
325,総合商社,残業,以前より改善されたとは聞くものの、プロジェクトの山場には結局それなりの時間を要し、劇的に変わったとは言いがたい。,neutral,synthetic,teacher
326,総合商社,残業,海外との時差対応でどうしても夜間対応が生じる一方、フレックスで調整できる部分もあり、一概に過酷とは言い切れない。,neutral,synthetic,teacher
327,総合商社,残業,残業代はきちんと出るため金銭的な不満はないが、時間そのものが失われる感覚は数字ではなかなか補えない。,neutral,synthetic,teacher
328,総合商社,残業,同期の話を聞くと部門ごとにかなり実態が異なるようで、入社前に想像していた商社像とはやや違うと感じている。,neutral,synthetic,teacher
329,総合商社,残業,残業は部署や時期によって大きく差があり、閑散期はほぼないが繁忙期は深夜まで続くこともあるため、一概に多い少ないとは言えない。,neutral,synthetic,teacher
330,総合商社,残業,月平均で見れば許容範囲内だと思うが、案件が重なると集中的に長時間になることもあり、平均値ではなかなか実態が見えにくい職場だと感じる。,neutral,synthetic,teacher
331,総合商社,給与,年収は同年代の友人と比べて明らかに高く、入社して良かったと感じる点のひとつです。,positive,synthetic,teacher
332,総合商社,給与,ボーナスが業績に連動しており、頑張った分だけ報酬に反映される仕組みが気に入っています。,positive,synthetic,teacher
333,総合商社,給与,商社らしく給与水準は業界内でも上位で、生活の安定という面では申し分ない待遇だと思います。,positive,synthetic,teacher
334,総合商社,給与,海外赴任手当をはじめ各種手当が充実しており、トータルの報酬パッケージには十分満足しています。,positive,synthetic,teacher
335,総合商社,給与,20代のうちから想定を上回る年収をいただけており、それがモチベーションの維持にもつながっています。,positive,synthetic,teacher
336,総合商社,給与,昇給のペースが安定していて、勤続年数とともに着実に収入が上がっていくのを実感できます。,positive,synthetic,teacher
337,総合商社,給与,同期間での給与格差がほとんどなく、公平感のある報酬体系が職場全体の雰囲気を良くしていると感じます。,positive,synthetic,teacher
338,総合商社,給与,賞与が年2回しっかり支給され、夏冬ともに納得のいく金額をいただけています。,positive,synthetic,teacher
339,総合商社,給与,年収は業界内でもトップクラスで、入社数年でも同世代と比べてかなり高い水準を実感できる。,positive,synthetic,teacher
340,総合商社,給与,夏冬のボーナスが期待以上に手厚く、頑張りが給与にしっかり反映される仕組みに納得感がある。,positive,synthetic,teacher
341,総合商社,給与,激務の割に基本給が低く、残業代もほとんど出ないため、同期の外資系と比べると手取りの差に毎月がっかりする。,negative,synthetic,teacher
342,総合商社,給与,年功序列の昇給制度が色濃く残っており、若いうちはどれだけ成果を出しても給与にまったく反映されない。,negative,synthetic,teacher
343,総合商社,給与,海外赴任中の手当が思ったより少なく、現地の生活費を考えると実質的な収入はむしろ下がった気がする。,negative,synthetic,teacher
344,総合商社,給与,ボーナスは業績連動と説明されるが個人の貢献度はほぼ無視され、毎年ほぼ横ばいの支給額に不満が募る。,negative,synthetic,teacher
345,総合商社,給与,残業が当たり前の文化なのに、みなし残業の範囲内として追加の残業代が一切支払われないのは納得しがたい。,negative,synthetic,teacher
346,総合商社,給与,入社数年は薄給が続くとは聞いていたが、物価の高い都市での生活を考えると正直かなりきつい水準だ。,negative,synthetic,teacher
347,総合商社,給与,部門によって給与水準にかなりの開きがあり、花形部署以外に配属されると報酬面で明らかに損をしている感覚がある。,negative,synthetic,teacher
348,総合商社,給与,給与体系が不透明で、同期と数万円の差がついている理由を人事に尋ねても、明確な説明を一度ももらえていない。,negative,synthetic,teacher
349,総合商社,給与,残業が常態化しているわりに基本給は思ったほど高くなく、ボーナスも部署や年次で格差が大きいため、将来の見通しが立てづらい。,negative,synthetic,teacher
350,総合商社,給与,年功序列の色が強く、成果を出しても給与への反映が遅すぎる点が入社後に最も失望したところだった。,negative,synthetic,teacher
351,総合商社,給与,給与水準は業界平均と比べると悪くはないが、業務量を考えると割に合っているかどうか微妙なところだ。,neutral,synthetic,teacher
352,総合商社,給与,ボーナスは業績によって上下するため、安定した生活設計が立てにくいと感じることもある。,neutral,synthetic,teacher
353,総合商社,給与,入社数年は年功序列の恩恵を実感しにくく、頑張りが即給与に反映されるわけでもないのが正直なところ。,neutral,synthetic,teacher
354,総合商社,給与,海外赴任中は各種手当がつき収入は増えるが、国内勤務に戻ると一気に下がる落差がある。,neutral,synthetic,teacher
355,総合商社,給与,部門ごとに収益貢献度が異なるため、同じ会社でも給与に差が生じるらしく、一概に高いとも低いとも言いにくい。,neutral,synthetic,teacher
356,総合商社,給与,基本給は思ったほど高くないが、賞与や各種手当を含めると年収としてはそれなりの水準にはなる。,neutral,synthetic,teacher
357,総合商社,給与,商社というイメージほど給与が飛び抜けて高いわけではなく、外資系や金融と比べると見劣りする場面もある。,neutral,synthetic,teacher
358,総合商社,給与,年次を重ねれば着実に上がっていくものの、それが成果によるものか年齢によるものか判断しにくい給与体系だと感じる。,neutral,synthetic,teacher
359,総合商社,給与,基本給は業界水準と比べて悪くはないが、残業代込みで考えると割に合っているのかどうか正直判断しかねる。,neutral,synthetic,teacher
360,総合商社,給与,年功序列の色が強く、若手のうちは同期と大差ない給与水準が続くため、実力次第で上がるとも一概には言えない。,neutral,synthetic,teacher
361,総合商社,成長,入社3年で海外プロジェクトのリーダーを任され、商社ならではのスピード感で自分の成長を実感できた。,positive,synthetic,teacher
362,総合商社,成長,扱う事業領域が幅広いため、金融・物流・資源と様々な分野の知識が自然と身につき、視野が大きく広がった。,positive,synthetic,teacher
363,総合商社,成長,若手のうちから億単位の取引に携わる機会があり、プレッシャーはあるが確実にビジネス感覚が鍛えられる。,positive,synthetic,teacher
364,総合商社,成長,ローテーション制度のおかげで異なる部署を経験でき、一つの業界に縛られない幅広いスキルが磨かれた。,positive,synthetic,teacher
365,総合商社,成長,海外赴任を経て、語学力だけでなく異文化コミュニケーション能力も格段に向上したと感じている。,positive,synthetic,teacher
366,総合商社,成長,上司や先輩が積極的に仕事を任せてくれる文化があり、失敗を恐れずチャレンジできる環境が成長を後押しした。,positive,synthetic,teacher
367,総合商社,成長,多様なステークホルダーと交渉する機会が多く、入社数年で交渉力・判断力が著しく伸びたと実感している。,positive,synthetic,teacher
368,総合商社,成長,新規事業の立ち上げに若手から参画できる機会があり、経営視点を早い段階で身につけられる点が魅力だ。,positive,synthetic,teacher
369,総合商社,成長,海外赴任や異業種プロジェクトへの参加機会が多く、入社数年で視野が一気に広がった。,positive,synthetic,teacher
370,総合商社,成長,若手でも大型案件の交渉に関わらせてもらえる環境で、実務を通じて着実にスキルが身につく。,positive,synthetic,teacher
371,総合商社,成長,入社後数年は雑務ばかりで、自分のスキルが一切伸びている実感が持てなかった。,negative,synthetic,teacher
372,総合商社,成長,年功序列の文化が根強く、若手が主体的に動ける案件はほとんど回ってこない。,negative,synthetic,teacher
373,総合商社,成長,ローテーションが頻繁すぎて、どの分野も中途半端にしか学べないまま異動になる。,negative,synthetic,teacher
374,総合商社,成長,上司の承認を取るだけで時間が消える。自分で考えて判断する機会がほぼない環境だった。,negative,synthetic,teacher
375,総合商社,成長,成長できると聞いて入ったが、実態は書類処理と調整業務が中心で専門性は身につかなかった。,negative,synthetic,teacher
376,総合商社,成長,社内の人間関係構築ばかりが評価され、業務スキルを磨く努力が報われないと感じた。,negative,synthetic,teacher
377,総合商社,成長,大きなプロジェクトには関われるが、若手は端の作業しか任せてもらえず経験値が積めない。,negative,synthetic,teacher
378,総合商社,成長,海外赴任を期待して入社したが、実際に機会が来るまでに10年近くかかると知り落胆した。,negative,synthetic,teacher
379,総合商社,成長,配属先の部署や先輩によってスキルアップの機会に大きな差があり、自分のキャリアを計画的に築くのが難しいと感じた。,negative,synthetic,teacher
380,総合商社,成長,ローテーションの間隔が長すぎて、専門性が身につく前に異動になることも多く、成長の実感が薄いまま年数だけが過ぎていく。,negative,synthetic,teacher
381,総合商社,成長,扱う事業領域が広すぎて、何か一つの専門性を深められているのか疑問に感じることもある。,neutral,synthetic,teacher
382,総合商社,成長,異動のたびに新しい知識を求められるのは刺激的だが、積み上げてきたものがリセットされる感覚もある。,neutral,synthetic,teacher
383,総合商社,成長,プロジェクト規模は大きく視野は広がるが、その分自分の貢献がどこにあるのか見えにくい。,neutral,synthetic,teacher
384,総合商社,成長,成長できているかどうかは、配属先の運に左右される部分が少なくない。,neutral,synthetic,teacher
385,総合商社,成長,語学力やビジネススキルは確実に伸びるが、自分が目指すキャリアと合っているかは別の話だ。,neutral,synthetic,teacher
386,総合商社,成長,若手のうちから大きな裁量を与えられる場面もあれば、ただ調整役に徹する時期もあり、成長の実感は波がある。,neutral,synthetic,teacher
387,総合商社,成長,上司によって育て方が大きく変わるため、成長速度は自分の努力だけでは決まらない。,neutral,synthetic,teacher
388,総合商社,成長,幅広い経験は積めるが、それが自分の市場価値向上につながるかは、個人の意識次第だと感じる。,neutral,synthetic,teacher
389,総合商社,成長,ローテーションで幅広い業務を経験できる点は確かだが、一つの専門性を深めたい人にとっては中途半端に感じることもある。,neutral,synthetic,teacher
390,総合商社,成長,大型案件に携わる機会は部署によってはあるものの、成長の実感が得られるかどうかは配属運や上司次第という印象が否めない。,neutral,synthetic,teacher
391,総合商社,社風,グローバルな案件に携わる機会が多く、社内全体に挑戦を歓迎する雰囲気が根付いている。,positive,synthetic,teacher
392,総合商社,社風,部署を超えた横断的な連携が活発で、互いに助け合う風土が自然と形成されている。,positive,synthetic,teacher
393,総合商社,社風,年次に関わらず意見を発言しやすい環境が整っており、若手の提案が実際に採用されることも珍しくない。,positive,synthetic,teacher
394,総合商社,社風,海外赴任や異動を通じて多様なキャリアを歩んできた先輩社員が多く、話を聞くだけでも視野が広がる。,positive,synthetic,teacher
395,総合商社,社風,ハードな局面でも同僚同士でフォローし合える一体感があり、チームで仕事をしている実感を持ちやすい。,positive,synthetic,teacher
396,総合商社,社風,長期的な視点でビジネスを捉える文化があるため、短期成果だけにとらわれず腰を据えて取り組める。,positive,synthetic,teacher
397,総合商社,社風,国内外を問わず多彩なバックグラウンドを持つ人材が集まっており、日常の会話からも刺激を受けられる。,positive,synthetic,teacher
398,総合商社,社風,上司との距離感が適度に近く、キャリアや業務上の悩みを気軽に相談できる雰囲気が心地よい。,positive,synthetic,teacher
399,総合商社,社風,グローバルな案件に携わるメンバーが多く、多様な価値観を持つ同僚と切磋琢磨できる環境が整っている。,positive,synthetic,teacher
400,総合商社,社風,風通しが良く、若手でも積極的に意見を発信できる雰囲気があり、チャレンジを後押ししてくれる社風だと感じている。,positive,synthetic,teacher
401,総合商社,社風,年功序列の文化が根強く、若手が意見を言っても上司に聞き流されることが多い。,negative,synthetic,teacher
402,総合商社,社風,社内の同調圧力が強く、個性を出そうとすると浮いてしまう雰囲気がある。,negative,synthetic,teacher
403,総合商社,社風,伝統や慣習を重んじるあまり、新しいことへの挑戦を阻む保守的な空気が漂っている。,negative,synthetic,teacher
404,総合商社,社風,飲み会への参加が暗黙の了解とされており、断りにくい雰囲気がずっと続いている。,negative,synthetic,teacher
405,総合商社,社風,縦社会の文化が強すぎて、上の指示に従うだけで自分の裁量で動ける場面がほとんどない。,negative,synthetic,teacher
406,総合商社,社風,体育会系の気質が色濃く残っており、多様な価値観や働き方が受け入れられにくいと感じる。,negative,synthetic,teacher
407,総合商社,社風,部署間の壁が厚く、横の連携がうまく機能していないため、無駄な調整に時間を取られる。,negative,synthetic,teacher
408,総合商社,社風,上層部の意向がすべてで、現場の実態や声が経営判断にまったく反映されない。,negative,synthetic,teacher
409,総合商社,社風,上意下達の文化が根強く、若手が意見を出しても握りつぶされることが多い。自分で考えて動くより、上司の顔色を読む力のほうが求められる職場だと感じた。,negative,synthetic,teacher
410,総合商社,社風,海外志向や挑戦的な姿勢を売りにしているが、実態は年功序列と横並び意識が強く、突出した動きをすると浮いてしまう雰囲気がある。,negative,synthetic,teacher
411,総合商社,社風,縦社会の文化は残っているが、部署によっては風通しの良い雰囲気もあり、一概に古いとは言えない。,neutral,synthetic,teacher
412,総合商社,社風,海外赴任を経験すると視野が広がる反面、国内に戻ると組織の壁を感じることも少なくない。,neutral,synthetic,teacher
413,総合商社,社風,チームワークを重視する雰囲気は悪くないが、個人の裁量が限られる場面もあり、人によって合う合わないが分かれると思う。,neutral,synthetic,teacher
414,総合商社,社風,年功序列の名残はあるものの実力主義への移行が進んでおり、過渡期にいるような感覚がずっと続いている。,neutral,synthetic,teacher
415,総合商社,社風,社員同士の結束は確かに強いが、それが時として閉鎖的な雰囲気につながることもある。,neutral,synthetic,teacher
416,総合商社,社風,伝統的な社風が根付いている一方、グローバルな業務を通じて新しい考え方も入ってきており、変化の途中という印象を受ける。,neutral,synthetic,teacher
417,総合商社,社風,飲み会や社内行事への参加が暗黙のうちに期待されており、絆を大切にする文化には功罪の両面がある。,neutral,synthetic,teacher
418,総合商社,社風,上司や先輩との関係性は概ね良好だが、合議を重んじるあまり意思決定に時間がかかり、もどかしさを感じる場面もある。,neutral,synthetic,teacher
419,総合商社,社風,体育会系の雰囲気は薄れてきたが、部署によって文化がまったく異なるため、配属先次第で働きやすさが大きく変わる印象だ。,neutral,synthetic,teacher
420,総合商社,社風,上意下達の風土は根強く残る一方、若手にも裁量を与えようとする動きが出てきており、過渡期にある会社という感じがする。,neutral,synthetic,teacher
421,総合商社,人間関係,部署を超えた横のつながりが強く、困ったときに気軽に相談できる先輩が多いのは本当にありがたい。,positive,synthetic,teacher
422,総合商社,人間関係,海外経験豊富な上司が多く、異文化への理解が深いせいか、職場全体として多様な意見を尊重する雰囲気がある。,positive,synthetic,teacher
423,総合商社,人間関係,新入社員のうちから大きなプロジェクトに関わらせてもらえるため、先輩との距離が自然と縮まりやすい環境だと感じている。,positive,synthetic,teacher
424,総合商社,人間関係,ランチや社内イベントを通じて他部門の人とも顔見知りになれるので、仕事上の連携がスムーズに取れる。,positive,synthetic,teacher
425,総合商社,人間関係,厳しい局面で一緒に乗り越えた同期との絆は格別で、入社数年でも頼れるネットワークが築けている。,positive,synthetic,teacher
426,総合商社,人間関係,上司が部下の意見をきちんと聞いてくれる文化があり、若手でも発言しやすい雰囲気なのが働きやすさにつながっている。,positive,synthetic,teacher
427,総合商社,人間関係,グローバルな案件を多く抱えているからか、社員同士がお互いの専門性を尊重し合う姿勢が根付いていると感じる。,positive,synthetic,teacher
428,総合商社,人間関係,異動のサイクルが適度にあるおかげで社内に幅広い知り合いができ、困ったときに助けを求める相手が見つけやすい。,positive,synthetic,teacher
429,総合商社,人間関係,海外赴任経験者が多く、多様なバックグラウンドを持つ同僚から刺激を受けながら仕事ができる環境が整っており、部署を超えた横のつながりも強い。,positive,synthetic,teacher
430,総合商社,人間関係,上司が部下の成長を真剣に考えてくれており、困ったときには率直に相談できる関係性が自然と築けている職場だと感じる。,positive,synthetic,teacher
431,総合商社,人間関係,上司との関係は完全な縦社会で、意見を述べる機会すらなく、指示に従うだけの毎日が続いている。,negative,synthetic,teacher
432,総合商社,人間関係,派閥争いが激しく、どの上司に気に入られるかで評価が決まる雰囲気があり、仕事の実力は二の次に感じた。,negative,synthetic,teacher
433,総合商社,人間関係,海外赴任経験者と国内組の間に見えない壁があり、部署内でも一体感が全く生まれない。,negative,synthetic,teacher
434,総合商社,人間関係,年功序列の文化が根強く、若手が提案しても「まず経験を積め」と一蹴されることが多い。,negative,synthetic,teacher
435,総合商社,人間関係,飲み会や社内行事への参加が暗黙の義務になっており、断ると翌日から露骨に態度が変わる先輩がいた。,negative,synthetic,teacher
436,総合商社,人間関係,同期同士の競争意識が強すぎて、情報を共有しない雰囲気が当たり前になっており、チームとして機能していない。,negative,synthetic,teacher
437,総合商社,人間関係,上司によって仕事量や機会が大きく左右されるため、担当者ガチャという言葉が社内で普通に使われている。,negative,synthetic,teacher
438,総合商社,人間関係,部署異動の際も前の上司からの評判が引き継がれるらしく、一度関係が悪くなると挽回が難しいと感じた。,negative,synthetic,teacher
439,総合商社,人間関係,部署間の派閥意識が根強く、他部門と連携しようとすると上司から牽制が入ることも珍しくなく、社内調整だけで消耗してしまう。,negative,synthetic,teacher
440,総合商社,人間関係,年功序列の空気が強く若手の意見はほぼ通らない上、上の顔色を常に伺いながら動かなければならない文化にじわじわと疲弊している。,negative,synthetic,teacher
441,総合商社,人間関係,部署によって雰囲気は大きく異なり、自分の配属先次第で人間関係が良くも悪くもなると感じた。,neutral,synthetic,teacher
442,総合商社,人間関係,先輩たちは面倒見が良い一方、厳しさを求める風土も強く、人によって受け取り方が分かれると思う。,neutral,synthetic,teacher
443,総合商社,人間関係,飲み会など社内交流は多いが、全員と親しくなれるわけではなく、合う合わないがはっきりしている。,neutral,synthetic,teacher
444,総合商社,人間関係,上司との縦のつながりは比較的良好だったが、チーム間の横の連携は薄く、温度差を感じることがあった。,neutral,synthetic,teacher
445,総合商社,人間関係,競争意識が強いため表面上は和やかでも、腹の内が読めない場面もあり、一筋縄ではいかない職場だ。,neutral,synthetic,teacher
446,総合商社,人間関係,異動が頻繁なため深い関係を築きにくい面もあるが、広く浅くつながりを持てる環境でもある。,neutral,synthetic,teacher
447,総合商社,人間関係,年功序列の文化が色濃く残っており、ベテランとの関係は安心感がある半面、どこか距離を感じることもある。,neutral,synthetic,teacher
448,総合商社,人間関係,同期との仲は良いものの、部署をまたぐと急に他人行儀になるのが、この職場の人間関係の特徴かもしれない。,neutral,synthetic,teacher
449,総合商社,人間関係,部署によって雰囲気は大きく異なり、当たり外れがあると感じる一方で、プロジェクトを通じた横断的なつながりは悪くない。,neutral,synthetic,teacher
450,総合商社,人間関係,先輩社員は面倒見が良い人もいれば、多忙を理由に放任気味な人もおり、配属先次第で環境がかなり変わる印象だ。,neutral,synthetic,teacher
451,地方金融機関,残業,残業はほとんどなく、定時で帰れる日が大半です。プライベートの時間もしっかり確保できています。,positive,synthetic,teacher
452,地方金融機関,残業,繁忙期を除けば残業は月数時間程度で、上司も早帰りを積極的に推奨してくれる文化があります。,positive,synthetic,teacher
453,地方金融機関,残業,入行前は銀行は残業が多いイメージでしたが、実際は定時退社が当たり前の雰囲気で助かっています。,positive,synthetic,teacher
454,地方金融機関,残業,ノー残業デーが週に数回設けられており、業務効率化も進んでいるため、無駄な残業が生じにくい環境です。,positive,synthetic,teacher
455,地方金融機関,残業,残業代はきちんと支払われますし、管理職も残業を美徳とする考え方はなく、メリハリのある働き方ができます。,positive,synthetic,teacher
456,地方金融機関,残業,地域に根ざした職場のためか仕事量が適切にコントロールされており、残業が少ない点は非常に満足しています。,positive,synthetic,teacher
457,地方金融機関,残業,システム整備が進み、以前と比べて残業時間が大幅に減りました。ワークライフバランスを大切にする職場です。,positive,synthetic,teacher
458,地方金融機関,残業,月の残業は平均10時間以内に収まっており、家族との時間を確保しながら働けるのが気に入っています。,positive,synthetic,teacher
459,地方金融機関,残業,月末の繁忙期を除けば定時で上がれることがほとんどで、プライベートの時間をしっかり確保できています。,positive,synthetic,teacher
460,地方金融機関,残業,支店全体で残業を減らす取り組みが浸透しており、以前と比べてずいぶん働きやすくなったと感じています。,positive,synthetic,teacher
461,地方金融機関,残業,月末の決算期は連日深夜まで残業が続き、プライベートの時間がまったく取れない状態が数ヶ月間続いた。,negative,synthetic,teacher
462,地方金融機関,残業,残業代はつくものの、そもそも定時に上がれる日がほとんどなく、毎日2〜3時間の残業が当たり前になっている。,negative,synthetic,teacher
463,地方金融機関,残業,上司が帰らないと帰りづらい雰囲気があり、仕事が終わっても席を立てないことが多い。,negative,synthetic,teacher
464,地方金融機関,残業,ノルマ達成のための書類作成や報告業務が膨大で、業務時間内に終わらせることは現実的に不可能だと感じる。,negative,synthetic,teacher
465,地方金融機関,残業,人員削減の影響で一人当たりの業務量が増え、残業せざるを得ない日々が続いており精神的にも疲弊している。,negative,synthetic,teacher
466,地方金融機関,残業,地域のお客様対応は終業後も続くことが多く、窓口業務が終わってから本来の事務作業に取りかかるため帰宅は毎日20時を過ぎる。,negative,synthetic,teacher
467,地方金融機関,残業,繁忙期には休日出勤も暗黙の了解で求められており、断ると評価に響くような空気感があって困っている。,negative,synthetic,teacher
468,地方金融機関,残業,システムの入れ替えや新商品対応のたびに追加業務が発生するが、既存の仕事は減らされないため残業時間が増える一方だ。,negative,synthetic,teacher
469,地方金融機関,残業,月末の融資締め作業が集中すると深夜残業が当たり前になり、翌朝もそのまま出勤という日が続いて体力的にかなりきつかった。,negative,synthetic,teacher
470,地方金融機関,残業,支店ごとに残業の多さにばらつきがあり、配属先の運次第で生活が大きく変わるのが正直つらい。,negative,synthetic,teacher
471,地方金融機関,残業,残業は多くもなく少なくもない印象で、時期によって波があるため一概には言えない。,neutral,synthetic,teacher
472,地方金融機関,残業,月末や決算期は確かに残業が増えるが、それ以外は定時に帰れることも多く、平均すると悪くはない。,neutral,synthetic,teacher
473,地方金融機関,残業,残業代はきちんと支払われるので不満はないが、そもそも残業が発生しやすい業務体制には少し疑問を感じる。,neutral,synthetic,teacher
474,地方金融機関,残業,部署によって残業時間の差が大きく、配属先次第で働き方がまるで変わってくる。,neutral,synthetic,teacher
475,地方金融機関,残業,繁忙期と閑散期の落差が激しく、年間平均で見れば普通かもしれないが精神的な波は大きい。,neutral,synthetic,teacher
476,地方金融機関,残業,残業を明示的に強制されることはないが、なんとなく居残る雰囲気があるのも正直なところだ。,neutral,synthetic,teacher
477,地方金融機関,残業,ほぼ定時で帰れる日が続くかと思えば、決算前後だけ急に深夜対応が重なることがある。,neutral,synthetic,teacher
478,地方金融機関,残業,直属の上司が変わってから残業の量が変化したので、環境次第という感想しか持てない。,neutral,synthetic,teacher
479,地方金融機関,残業,月末や期末は残業が集中するものの、それ以外の時期は定時で帰れる日もそれなりにあり、一概にきついとは言い切れない。,neutral,synthetic,teacher
480,地方金融機関,残業,残業の多さは配属先の部署や上司の考え方によってかなり差があり、同期でも感じ方がまったく違うようだ。,neutral,synthetic,teacher
481,地方金融機関,給与,地方銀行としては給与水準が高く、同期と比べても待遇に満足しています。,positive,synthetic,teacher
482,地方金融機関,給与,ボーナスが年2回しっかり支給され、業績が良い年は想定以上の額をもらえました。,positive,synthetic,teacher
483,地方金融機関,給与,入行から数年で着実に昇給があり、生活の見通しが立てやすい点がありがたいです。,positive,synthetic,teacher
484,地方金融機関,給与,地域の民間企業と比較すると給与は安定しており、長く働くほど収入が増えていく仕組みが整っている。,positive,synthetic,teacher
485,地方金融機関,給与,年功序列の色は残るものの、その分毎年確実に基本給が上がるので将来の安心感があります。,positive,synthetic,teacher
486,地方金融機関,給与,残業代がきちんと全額支給されるため、実質的な手取りは求人票の数字より多く感じます。,positive,synthetic,teacher
487,地方金融機関,給与,住宅ローン補助や財形貯蓄など福利厚生も含めると、トータルの報酬パッケージは十分満足できる水準です。,positive,synthetic,teacher
488,地方金融機関,給与,都市部の大手には及ばないものの、この地域で暮らすには不自由のない給与をいただいており、定着率の高さにも納得できます。,positive,synthetic,teacher
489,地方金融機関,給与,地方銀行としては給与水準が高く、賞与も年2回しっかり支給されるため、生活の安定感が違う。,positive,synthetic,teacher
490,地方金融機関,給与,年功序列ではあるものの着実に昇給していくので、長く勤めるほど待遇の良さを実感できる。,positive,synthetic,teacher
491,地方金融機関,給与,年功序列が根強く、どれだけ成果を出しても給与に反映されないのが正直つらい。,negative,synthetic,teacher
492,地方金融機関,給与,地方銀行ということもあり、都市部の同業他社と比べると給与水準がかなり低いと感じる。,negative,synthetic,teacher
493,地方金融機関,給与,残業が多い割に手当が少なく、時給換算すると見合っていないと思うことが増えた。,negative,synthetic,teacher
494,地方金融機関,給与,昇給が年に一度あるものの、上がり幅が微々たるもので生活水準の向上を実感しにくい。,negative,synthetic,teacher
495,地方金融機関,給与,資格手当が充実していると聞いて入ったが、実際の金額は期待外れで拍子抜けした。,negative,synthetic,teacher
496,地方金融機関,給与,同期と比べても給与の差がほとんどなく、頑張りが評価される仕組みになっていないと感じる。,negative,synthetic,teacher
497,地方金融機関,給与,転勤を重ねてきたが、それに見合うような給与の上昇がなく、正直モチベーションが保ちにくい。,negative,synthetic,teacher
498,地方金融機関,給与,ボーナスは業績連動とのことだったが、支店の数字が良くても本部の裁量で大きく削られることがある。,negative,synthetic,teacher
499,地方金融機関,給与,地方銀行ということもあり、給与水準は都市部の同業他社と比べると明らかに低く、年齢を重ねても思ったほど上がらないのが正直なところです。,negative,synthetic,teacher
500,地方金融機関,給与,業務量や責任の重さに対して給与が見合っていないと感じることが多く、特に若手のうちは生活が苦しい月もありました。,negative,synthetic,teacher
501,地方金融機関,給与,基本給は地域の相場と比べると標準的だが、賞与の査定基準が不透明で毎年モヤモヤする。,neutral,synthetic,teacher
502,地方金融機関,給与,年功序列のため若いうちは物足りなさを感じるが、長く勤めれば安定した水準には落ち着く。,neutral,synthetic,teacher
503,地方金融機関,給与,残業代はきちんと支払われる点は評価できるが、手取りで見るとそこまで多くはない印象だ。,neutral,synthetic,teacher
504,地方金融機関,給与,同業他社と横並びの給与体系で、突出して高くも低くもなく、何とも言い難い水準。,neutral,synthetic,teacher
505,地方金融機関,給与,昇給は毎年あるにはあるが微増にとどまるため、生活水準が上がっているという実感は薄い。,neutral,synthetic,teacher
506,地方金融機関,給与,地方の物価を考慮すれば生活できる額だが、都市部の同職種と比較すると複雑な気持ちになる。,neutral,synthetic,teacher
507,地方金融機関,給与,資格手当や住宅手当など各種手当を合算すると悪くないが、基本給だけ見ると首をかしげる額だ。,neutral,synthetic,teacher
508,地方金融機関,給与,繁忙期と閑散期で業務量の差が大きいわりに給与は固定的で、割り切れなさを感じることもある。,neutral,synthetic,teacher
509,地方金融機関,給与,基本給は地域の水準で見れば悪くないが、昇給ペースが緩やかで、将来どこまで上がるのか見通しが立てにくい。,neutral,synthetic,teacher
510,地方金融機関,給与,ボーナスは業績次第で増減があり、安定しているとも言い切れないが、生活が苦しいというほどでもない水準だと思う。,neutral,synthetic,teacher
511,地方金融機関,成長,入社後は窓口業務からローン審査まで幅広い業務を経験でき、金融のプロとしての土台を着実に築けました。,positive,synthetic,teacher
512,地方金融機関,成長,大手と違い、若いうちから融資提案や渉外業務を任せてもらえるので、現場で実力が磨かれていく実感があります。,positive,synthetic,teacher
513,地方金融機関,成長,行内の研修制度が充実しており、入行3年目には複数の金融資格を取得して大きな自信がつきました。,positive,synthetic,teacher
514,地方金融機関,成長,地元企業の経営者と直接対話する機会が多く、財務分析のスキルが自然と身についていきました。,positive,synthetic,teacher
515,地方金融機関,成長,先輩行員から丁寧にノウハウを教わりながら、地域金融の本質を肌で学べる環境が整っています。,positive,synthetic,teacher
516,地方金融機関,成長,ローテーションで複数の部署を経験できるため、幅広い視野を持つ金融マンとして着実に成長できていると感じます。,positive,synthetic,teacher
517,地方金融機関,成長,支店全体で互いに教え合う文化があり、資格勉強や業務スキルの向上を自然にサポートしてもらえます。,positive,synthetic,teacher
518,地方金融機関,成長,中小企業向けの融資業務を通じて経営の基礎知識まで身につき、思っていた以上に成長できる仕事だと実感しています。,positive,synthetic,teacher
519,地方金融機関,成長,入行後3年で複数の資格取得を支援する制度が充実しており、自分のペースで着実にスキルアップできていると実感している。,positive,synthetic,teacher
520,地方金融機関,成長,若手のうちから窓口業務だけでなく融資担当も経験させてもらえ、金融の幅広い知識が自然と身についた。,positive,synthetic,teacher
521,地方金融機関,成長,年功序列が根強く、成果を出しても若いうちは評価されず、スキルアップの意欲が徐々に失われていった。,negative,synthetic,teacher
522,地方金融機関,成長,研修制度は形だけで、実務に直結するような学びの機会はほとんど提供されない。,negative,synthetic,teacher
523,地方金融機関,成長,同じ業務をひたすらこなすだけで、新しいことに挑戦できる環境が整っていないと感じた。,negative,synthetic,teacher
524,地方金融機関,成長,上司の承認がないと何も動けない体制のため、自分で考えて成長するという経験が積めなかった。,negative,synthetic,teacher
525,地方金融機関,成長,異動は会社都合が優先され、希望するキャリアに向けてスキルを磨ける部署には配属してもらえなかった。,negative,synthetic,teacher
526,地方金融機関,成長,本部との交流も少なく、地方支店に長くいるほど業界全体の知識や視野が狭まっていく感覚がある。,negative,synthetic,teacher
527,地方金融機関,成長,資格取得は奨励されるが、それを実際の業務に活かせる場がなく、取っても意味があるのか疑問に思う。,negative,synthetic,teacher
528,地方金融機関,成長,中堅社員でも新しい提案をすると「前例がない」と一蹴されることが多く、変化を受け入れない文化が成長を妨げている。,negative,synthetic,teacher
529,地方金融機関,成長,年功序列の文化が根強く、成果を出しても若手のうちはなかなか評価につながらないため、成長を実感できないまま時間が過ぎていく。,negative,synthetic,teacher
530,地方金融機関,成長,業務がルーティン化されており、新しい知識やスキルを身につけられる機会が乏しく、このままでは市場価値が上がらないと感じた。,negative,synthetic,teacher
531,地方金融機関,成長,研修制度は一通り整っているが、実際に成長できるかどうかは配属先の支店長次第という面が大きい。,neutral,synthetic,teacher
532,地方金融機関,成長,資格取得の支援はあるものの、取得後に活かせる業務がすぐに回ってくるわけでもなく、もどかしさを感じることもある。,neutral,synthetic,teacher
533,地方金融機関,成長,年次が上がれば少しずつ担当範囲は広がるが、それが成長なのか単なる業務増加なのか、正直判断しかねる。,neutral,synthetic,teacher
534,地方金融機関,成長,OJTで先輩から丁寧に教われる環境ではあるが、同じ業務の繰り返しが多く、スキルの幅が広がっているかは疑問が残る。,neutral,synthetic,teacher
535,地方金融機関,成長,異動があれば新しい分野を経験できるが、希望通りに動けるわけではないため、成長の機会は運による部分も否めない。,neutral,synthetic,teacher
536,地方金融機関,成長,若手向けの勉強会は定期的に開催されており悪くはないが、現場の繁忙期には出席しづらい雰囲気もある。,neutral,synthetic,teacher
537,地方金融機関,成長,本部への異動や専門職へのキャリアパスは存在するが、実際に進める人は限られており、自分がそこに至れるか見通しが立ちにくい。,neutral,synthetic,teacher
538,地方金融機関,成長,地域密着の業務を通じて着実に知識はつくと思う一方、外の市場で通用するスキルが身についているかというと自信を持って言えない。,neutral,synthetic,teacher
539,地方金融機関,成長,業務の幅は少しずつ広がるが、異動のタイミングや配属先によって成長できるかどうかが大きく変わる印象がある。,neutral,synthetic,teacher
540,地方金融機関,成長,資格取得支援制度は整っているものの、実際の業務で活かせる機会が限られており、スキルが身についているのかどうか実感しにくい。,neutral,synthetic,teacher
541,地方金融機関,社風,地域に根ざした堅実な社風があり、上司も同僚も互いを尊重する雰囲気が自然と根付いている。,positive,synthetic,teacher
542,地方金融機関,社風,年功序列の文化は残るものの、若手の意見にも耳を傾けてくれる管理職が多く、働きやすさを感じている。,positive,synthetic,teacher
543,地方金融機関,社風,地元密着型の金融機関らしく、社員同士の距離が近く、困ったときに気軽に相談できる環境が整っている。,positive,synthetic,teacher
544,地方金融機関,社風,落ち着いた職場の雰囲気の中で、丁寧に仕事を覚えさせてもらえたことが入社後の大きな安心感につながった。,positive,synthetic,teacher
545,地方金融機関,社風,派手さはないが誠実さを大切にする社風で、地道に顧客と向き合う姿勢が組織全体に浸透していると感じる。,positive,synthetic,teacher
546,地方金融機関,社風,チームで目標を達成したときに上司が素直に評価してくれる文化があり、モチベーションを保ちやすい。,positive,synthetic,teacher
547,地方金融機関,社風,研修制度が充実しているだけでなく、先輩社員が親身になって業務を教えてくれる土壌がある。,positive,synthetic,teacher
548,地方金融機関,社風,ノルマはあるものの、数字だけでなく顧客との関係性を重視する社風が、長く働き続けられる理由だと思う。,positive,synthetic,teacher
549,地方金融機関,社風,地域に根ざした堅実な社風で、上司や先輩が若手の意見にも耳を傾けてくれる風土があり、働きやすさを感じています。,positive,synthetic,teacher
550,地方金融機関,社風,お互いを気遣う穏やかな雰囲気が職場全体に浸透しており、長く勤めている社員が多いのも納得できます。,positive,synthetic,teacher
551,地方金融機関,社風,年功序列が根強く、若手の意見は会議でほぼ無視される雰囲気がある。,negative,synthetic,teacher
552,地方金融機関,社風,上司の顔色を伺いながら仕事をする文化が染みついており、自分の意見を言いにくい。,negative,synthetic,teacher
553,地方金融機関,社風,変化を嫌う社風のせいで、業務改善の提案をしても『今まで通りで問題ない』と一蹴されることが多い。,negative,synthetic,teacher
554,地方金融機関,社風,派閥意識が根強く、どの上司に気に入られるかで評価が左右されるのが実態だ。,negative,synthetic,teacher
555,地方金融機関,社風,女性が管理職に就くことへの抵抗感が暗黙のうちに漂っており、キャリアアップを諦めている同僚も少なくない。,negative,synthetic,teacher
556,地方金融機関,社風,地域の名士や古株職員に対して必要以上に忖度する空気があり、正論が通らない場面がある。,negative,synthetic,teacher
557,地方金融機関,社風,飲み会や地域行事への参加が事実上強制されており、断ると翌日から態度が変わる上司もいた。,negative,synthetic,teacher
558,地方金融機関,社風,ミスへの追及が厳しい割に成功は当たり前とされる風潮があり、挑戦する気力が徐々に削がれていく。,negative,synthetic,teacher
559,地方金融機関,社風,年功序列が根強く、若手の意見は会議でほとんど取り上げられない雰囲気がある。,negative,synthetic,teacher
560,地方金融機関,社風,昔ながらの慣習を重んじる文化が強く、新しいやり方を提案しても「前例がない」の一言で却下されることが多い。,negative,synthetic,teacher
561,地方金融機関,社風,堅実さを重んじる社風は安心感がある一方、新しいことへの挑戦には慎重すぎると感じる場面もある。,neutral,synthetic,teacher
562,地方金融機関,社風,上下関係はそれなりにあるが、理不尽なほどではなく、可もなく不可もなくといった雰囲気だ。,neutral,synthetic,teacher
563,地方金融機関,社風,地域に根ざした文化が根強く、やりがいを感じることもあれば、閉塞感を覚えることもある。,neutral,synthetic,teacher
564,地方金融機関,社風,チームワークは悪くないが、部署によって雰囲気がかなり異なるため、配属先次第といった印象を受ける。,neutral,synthetic,teacher
565,地方金融機関,社風,年功序列の文化はまだ残っているが、若手の意見が全く通らないわけでもなく、変化の途上にある感じがする。,neutral,synthetic,teacher
566,地方金融機関,社風,穏やかで落ち着いた職場環境だが、その分スピード感や刺激を求める人には物足りないかもしれない。,neutral,synthetic,teacher
567,地方金融機関,社風,慣習を大切にする風土は良くも悪くも働いており、慣れれば居心地がよいが馴染むまでに時間がかかる。,neutral,synthetic,teacher
568,地方金融機関,社風,行内の結束感はあると思うが、内向きになりすぎている面もあり、一言で良いとも悪いとも言いづらい。,neutral,synthetic,teacher
569,地方金融機関,社風,堅実さを重んじる社風は安心感がある一方、新しいことへの挑戦がなかなか通りにくい雰囲気も否めない。,neutral,synthetic,teacher
570,地方金融機関,社風,上下関係は昔ながらの縦社会だが、同僚同士の助け合いは根付いており、良し悪し両面が共存している職場だと感じる。,neutral,synthetic,teacher
571,地方金融機関,人間関係,支店全体に助け合いの雰囲気があり、困ったときには先輩が必ず声をかけてくれる環境です。,positive,synthetic,teacher
572,地方金融機関,人間関係,入行当初から上司が丁寧に指導してくれたおかげで、職場に早く馴染むことができました。,positive,synthetic,teacher
573,地方金融機関,人間関係,長く勤めているベテランの方々が気さくで、業務上の相談もしやすい雰囲気があります。,positive,synthetic,teacher
574,地方金融機関,人間関係,同期と切磋琢磨しながら成長できる環境で、仕事の悩みも気軽に話し合える関係が築けています。,positive,synthetic,teacher
575,地方金融機関,人間関係,部署間の垣根が低く、他課の担当者とも連携しやすいのが地方銀行ならではの良さだと感じます。,positive,synthetic,teacher
576,地方金融機関,人間関係,窓口チームのまとまりが強く、繁忙期でも互いにフォローし合える信頼関係があります。,positive,synthetic,teacher
577,地方金融機関,人間関係,管理職が現場の声を大切にしてくれるため、意見を言いやすく風通しの良い職場です。,positive,synthetic,teacher
578,地方金融機関,人間関係,年次に関係なく意見を尊重してもらえる文化があり、チームとして仕事に取り組む一体感があります。,positive,synthetic,teacher
579,地方金融機関,人間関係,支店内の雰囲気は穏やかで、ベテランの先輩方が業務に慣れるまで丁寧にサポートしてくださり、安心して仕事に取り組めました。,positive,synthetic,teacher
580,地方金融機関,人間関係,同僚との関係は良好で、繁忙期でもお互いにフォローし合える文化が根付いており、チームとして仕事を進める一体感があります。,positive,synthetic,teacher
581,地方金融機関,人間関係,上司の顔色をうかがいながら仕事をする雰囲気が根強く、意見を言い出せない空気がある。,negative,synthetic,teacher
582,地方金融機関,人間関係,年功序列が徹底されており、若手が提案しても古参行員に一蹴されることが多い。,negative,synthetic,teacher
583,地方金融機関,人間関係,支店内の派閥争いが激しく、異動のたびに人間関係を一から作り直す消耗感がある。,negative,synthetic,teacher
584,地方金融機関,人間関係,ベテラン社員が新人の指導を面倒くさがり、肝心な業務知識をなかなか教えてもらえない。,negative,synthetic,teacher
585,地方金融機関,人間関係,女性同士の陰口や派閥意識が強く、特定のグループに属さないと居心地が悪くなる。,negative,synthetic,teacher
586,地方金融機関,人間関係,支店長のひいきが露骨で、気に入られた人間と그렇지않은 人間で扱いに明らかな差がある。,negative,synthetic,teacher
587,地方金融機関,人間関係,地域柄か閉鎖的な社風で、よそから来た中途採用者はいつまでも外様扱いされる感じがした。,negative,synthetic,teacher
588,地方金融機関,人間関係,表向きは和気あいあいとしているが、陰では誰が何をしたかすぐに広まる狭い人間関係に疲弊した。,negative,synthetic,teacher
589,地方金融機関,人間関係,古参社員によるグループ意識が強く、新入りはどこの支店に異動しても最初の数年は完全に蚊帳の外でした。,negative,synthetic,teacher
590,地方金融機関,人間関係,上司の機嫌次第で職場の雰囲気が一変するため、毎朝顔色をうかがうことに疲れてしまいました。,negative,synthetic,teacher
591,地方金融機関,人間関係,年功序列が根強く、上の人間関係に慣れるまで時間がかかったが、慣れてしまえば悪いものでもない。,neutral,synthetic,teacher
592,地方金融機関,人間関係,支店ごとに雰囲気がかなり違うので、配属先次第で人間関係の良し悪しが大きく変わる印象がある。,neutral,synthetic,teacher
593,地方金融機関,人間関係,先輩方は親切にしてくれるが、距離感が独特で、プライベートへの踏み込み方が少し気になることもある。,neutral,synthetic,teacher
594,地方金融機関,人間関係,派閥とまでは言えないが、長年いる社員同士の暗黙のルールがあり、新参者には少し読みづらい部分もある。,neutral,synthetic,teacher
595,地方金融機関,人間関係,人間関係そのものは穏やかだが、業績のプレッシャーが関係に微妙な緊張感をもたらすことがある。,neutral,synthetic,teacher
596,地方金融機関,人間関係,上司との関係は可もなく不可もなくといった感じで、特に問題はないが深いつながりも感じにくい。,neutral,synthetic,teacher
597,地方金融機関,人間関係,表面上は和やかな雰囲気だが、水面下では気を遣うことも少なくなく、なんとも言い難い空気感がある。,neutral,synthetic,teacher
598,地方金融機関,人間関係,転勤のたびに人間関係がリセットされるので、良くも悪くも固定化しない関係性が続く感じがする。,neutral,synthetic,teacher
599,地方金融機関,人間関係,上司によって当たり外れがあり、配属先次第で人間関係の快適さがかなり変わる印象だ。,neutral,synthetic,teacher
600,地方金融機関,人間関係,年配の先輩方は親切に教えてくれる一方、同世代のライバル意識が強く、一緒にいて気が楽なわけでもない。,neutral,synthetic,teacher
601,公共インフラ,残業,繁忙期でも残業は月20時間以内に収まることが多く、プライベートの時間をしっかり確保できている。,positive,synthetic,teacher
602,公共インフラ,残業,公共性の高い仕事ながら、業務量の平準化が進んでいるおかげで以前より帰宅時間が安定してきた。,positive,synthetic,teacher
603,公共インフラ,残業,残業が発生した場合も事前に上司への申請が必要なため、なんとなく居残るといった文化がなく働きやすい。,positive,synthetic,teacher
604,公共インフラ,残業,インフラ系ならではの定期メンテナンスサイクルがあるので、繁忙と閑散の見通しが立てやすく残業の予定も組みやすい。,positive,synthetic,teacher
605,公共インフラ,残業,ノー残業デーが週に複数日設定されており、制度として機能しているのが実感できる。,positive,synthetic,teacher
606,公共インフラ,残業,緊急対応が入ることはあるが振替休日がきちんと取得できるため、トータルの労働時間バランスは良好だと感じている。,positive,synthetic,teacher
607,公共インフラ,残業,部署全体で業務効率化に取り組んでいる成果が出てきており、残業時間が入社当初より大幅に減った。,positive,synthetic,teacher
608,公共インフラ,残業,夜間作業は手当が充実しているうえ翌日の勤務調整もしてもらえるので、体への負担が最小限に抑えられている。,positive,synthetic,teacher
609,公共インフラ,残業,公共インフラという性質上、繁忙期はそれなりに残業がありますが、管理職が率先して声をかけてくれるため、ダラダラと残らず効率よく切り上げられる文化が根付いています。,positive,synthetic,teacher
610,公共インフラ,残業,設備の定期点検シーズンは残業が増えることもありますが、代休や振替がきちんと取得できるので、トータルで見ると働き方のバランスは整っていると感じます。,positive,synthetic,teacher
611,公共インフラ,残業,設備の老朽化による緊急対応が多く、退勤後に呼び出されることが月に何度もある。,negative,synthetic,teacher
612,公共インフラ,残業,インフラ維持という名目で残業は当然という空気があり、定時に帰ることがほぼできない。,negative,synthetic,teacher
613,公共インフラ,残業,繁忙期には月60時間を超える残業が続き、体力的にも精神的にも限界を感じることがある。,negative,synthetic,teacher
614,公共インフラ,残業,ライフラインを守る仕事柄、夜間の緊急出動が断れず、プライベートがほぼ消えている。,negative,synthetic,teacher
615,公共インフラ,残業,残業代は支給されるが、それ以上に失われるプライベートの時間の方が深刻に感じる。,negative,synthetic,teacher
616,公共インフラ,残業,年度末は工事の検収や報告書類が重なり、深夜まで職場に残ることがほぼ毎日続いた。,negative,synthetic,teacher
617,公共インフラ,残業,慢性的な人員不足で一人あたりの業務量が多く、残業しないと仕事が終わらない状態が続いている。,negative,synthetic,teacher
618,公共インフラ,残業,定時で帰ろうとすると周囲の目が気になる雰囲気があり、暗黙のうちに残業を強いられていると感じる。,negative,synthetic,teacher
619,公共インフラ,残業,インフラ系の仕事柄、設備トラブルが起きると深夜でも呼び出されることがあり、残業が常態化しているのが正直しんどい。,negative,synthetic,teacher
620,公共インフラ,残業,繁忙期は月40時間を超える残業が続くこともあり、公共性の高い業務という建前で割り切れと言われても、さすがに体力的に限界を感じる。,negative,synthetic,teacher
621,公共インフラ,残業,残業は月20〜30時間ほどだが、インフラ系なので突発的な緊急対応が入ることもあり、予測しづらい面がある。,neutral,synthetic,teacher
622,公共インフラ,残業,定時で帰れる日もあれば、設備トラブルで深夜まで対応することもあるため、一概に多いとも少ないとも言いにくい。,neutral,synthetic,teacher
623,公共インフラ,残業,繁忙期と閑散期で残業時間の差が大きく、年間を通じてみると平均的な水準に落ち着く印象だ。,neutral,synthetic,teacher
624,公共インフラ,残業,緊急工事が入ると残業になることは避けられないが、それ以外の時期は比較的落ち着いており、プラスマイナスという感じ。,neutral,synthetic,teacher
625,公共インフラ,残業,交代勤務があるため残業という概念自体が他業種と少し異なり、単純に比較しにくいのが正直なところだ。,neutral,synthetic,teacher
626,公共インフラ,残業,残業代はきちんと支払われるので金銭的な不満はないが、急な呼び出しが生活リズムを乱すこともある。,neutral,synthetic,teacher
627,公共インフラ,残業,法定点検の時期は残業が続くが、それを過ぎれば落ち着くので、時期によるとしか言いようがない。,neutral,synthetic,teacher
628,公共インフラ,残業,上司次第で残業の多寡が変わる部署もあり、配属先によって経験が大きく異なるため評価が難しい。,neutral,synthetic,teacher
629,公共インフラ,残業,部署によって残業時間にかなりばらつきがあり、自分のところは月20時間前後だが、隣の課は毎日遅くまで残っている印象で、少ないとも多いとも一概には言い切れない。,neutral,synthetic,teacher
630,公共インフラ,残業,インフラ系ならではの緊急対応が入ると残業は避けられないが、その分、平時はさほど遅くまで働かなくて済むことも多く、トータルでは普通といった感覚。,neutral,synthetic,teacher
631,公共インフラ,給与,年功序列の給与体系が整っており、勤続年数が上がるごとにしっかり昇給するため、将来の見通しが立てやすい。,positive,synthetic,teacher
632,公共インフラ,給与,残業代が全額支給されるため、実際の手取りは同世代の友人と比べてもかなり満足できる水準だ。,positive,synthetic,teacher
633,公共インフラ,給与,公共性の高い仕事柄、基本給が安定しており、長期的な生活設計が立てやすい点が気に入っている。,positive,synthetic,teacher
634,公共インフラ,給与,住宅手当や資格手当など各種手当が充実しており、基本給と合わせると月収はかなり恵まれた水準になる。,positive,synthetic,teacher
635,公共インフラ,給与,民間と比べて派手さはないが、毎年着実に昇給があり、長く勤めるほど収入が安定していく。,positive,synthetic,teacher
636,公共インフラ,給与,インフラ系ならではの夜間手当や特殊業務手当が手厚く、基本給以上に実収入が高い点が魅力だ。,positive,synthetic,teacher
637,公共インフラ,給与,景気に左右されず賞与が安定して支給されるため、家族を養う立場としてとても心強い。,positive,synthetic,teacher
638,公共インフラ,給与,入社から数年で年収が着実に伸び、同業他社と比較しても給与水準は高めだと実感している。,positive,synthetic,teacher
639,公共インフラ,給与,公共インフラという安定した業種柄、給与水準は民間と比べても遜色なく、毎年の昇給も着実で生活設計が立てやすい。,positive,synthetic,teacher
640,公共インフラ,給与,年功序列の影響は残るものの、基本給に加えて各種手当が充実しており、トータルの収入は入社前の想定を上回っていた。,positive,synthetic,teacher
641,公共インフラ,給与,公共性の高い仕事だという自覚はあるが、民間と比べると給与水準がかなり低く、生活の余裕がない。,negative,synthetic,teacher
642,公共インフラ,給与,年功序列が根強く、どれだけ成果を出しても給与に反映されないのが正直つらい。,negative,synthetic,teacher
643,公共インフラ,給与,残業が慢性的に多いわりに残業代の上限が決まっており、実質的な時給は相当低いと感じる。,negative,synthetic,teacher
644,公共インフラ,給与,資格手当や各種手当の種類は多いが、基本給が低いため総支給額としてはやはり物足りない水準だ。,negative,synthetic,teacher
645,公共インフラ,給与,景気に関係なく安定しているとは言われるが、その代償として給与の上がり幅が極めて小さい。,negative,synthetic,teacher
646,公共インフラ,給与,同年代の友人が民間企業で稼いでいる額と比べると、毎年モチベーションが下がる一方だ。,negative,synthetic,teacher
647,公共インフラ,給与,インフラを支えているという使命感だけで続けてきたが、昇給のペースがあまりにも遅すぎると思う。,negative,synthetic,teacher
648,公共インフラ,給与,採用時に説明された給与テーブルが実際には形骸化しており、思ったより手取りが増えない現実がある。,negative,synthetic,teacher
649,公共インフラ,給与,公共性の高い仕事だという使命感だけで働かされている感があり、民間と比べると給与水準の低さに年々不満が募る。,negative,synthetic,teacher
650,公共インフラ,給与,インフラ維持という責任の重さに見合った報酬が得られず、夜間対応や緊急出動をこなしても手当はわずかで割に合わない。,negative,synthetic,teacher
651,公共インフラ,給与,残業代はきちんと支給されるので月収はそれなりになるが、残業ゼロだと同年代の民間と比べてやや物足りなく感じる水準だ。,neutral,synthetic,teacher
652,公共インフラ,給与,手当の種類が多く、基本給だけ見ると低く感じるが、合算するとそこまで悪くない水準に落ち着くので、一概に不満とも言えない。,neutral,synthetic,teacher
653,公共インフラ,給与,昇給は毎年あるものの微増にとどまり、成果を出しても短期間では給与に反映されにくい年功型の仕組みになっている。,neutral,synthetic,teacher
654,公共インフラ,給与,ボーナスは景気に左右されにくく安定しているが、上振れることもなく、良くも悪くも毎年ほぼ同額という感覚が続いている。,neutral,synthetic,teacher
655,公共インフラ,給与,都市部の同職種と比べると差があるのは否めないが、この地域の生活コストを考えると妥当な範囲に収まっているとも思う。,neutral,synthetic,teacher
656,公共インフラ,給与,民間ほどの高収入は期待できないと最初から分かって入ったが、いざ同期の話を聞くと複雑な気持ちになることもある。,neutral,synthetic,teacher
657,公共インフラ,給与,給与の安定感は公共系ならではで悪くないのだが、インフラ特有の深夜対応や緊急作業の割に見合っているかと問われると難しい。,neutral,synthetic,teacher
658,公共インフラ,給与,基本給は業界平均並みで不満というほどでもないが、努力や実績がすぐ数字に反映される職場を望む人には物足りなく映るだろう。,neutral,synthetic,teacher
659,公共インフラ,給与,給与は民間大手と比べると見劣りするものの、景気に左右されない安定感があるため、一概に不満とも言い切れない水準ではある。,neutral,synthetic,teacher
660,公共インフラ,給与,年功序列で着実に上がる仕組みは悪くないが、若手のうちは手取りが思いのほか少なく、満足しているかと聞かれると正直迷う。,neutral,synthetic,teacher
661,公共インフラ,成長,インフラ整備という社会的意義の大きい仕事に携わることで、技術的なスキルだけでなく、広い視野や責任感も自然と身についていった。,positive,synthetic,teacher
662,公共インフラ,成長,入社数年でプロジェクトリーダーを任せてもらえる機会があり、現場での判断力や調整能力が着実に鍛えられている。,positive,synthetic,teacher
663,公共インフラ,成長,ベテラン技術者から直接指導を受けられる環境が整っており、現場経験を通じて専門知識が着実に深まると実感している。,positive,synthetic,teacher
664,公共インフラ,成長,公共性の高い業務ゆえに法規制や安全基準への理解が求められ、それが結果として自分の専門性の幅を広げてくれた。,positive,synthetic,teacher
665,公共インフラ,成長,年次に関係なく難易度の高い工事に配属される機会があるため、成長のスピードが予想以上に速かった。,positive,synthetic,teacher
666,公共インフラ,成長,資格取得を会社が積極的に支援してくれるため、入社から数年で複数の国家資格を取ることができ、自信がついた。,positive,synthetic,teacher
667,公共インフラ,成長,長期にわたるインフラ整備プロジェクトに一貫して関われるため、設計から竣工まで一連の流れを経験でき、総合的なエンジニア力が身につく。,positive,synthetic,teacher
668,公共インフラ,成長,市民生活を支えるという使命感が仕事への真剣さを生み、気がつくと入社時より格段にタフで柔軟な問題解決力が備わっていた。,positive,synthetic,teacher
669,公共インフラ,成長,インフラ系の職場は異動や研修制度が充実しており、入社から数年で複数の専門分野を経験できたことが自分の大きな財産になっている。,positive,synthetic,teacher
670,公共インフラ,成長,大規模プロジェクトへの参画機会が若手にも開かれており、現場での実務を通じて着実にスキルが積み上がっていく実感がある。,positive,synthetic,teacher
671,公共インフラ,成長,年功序列が根強く、いくら成果を出しても昇進のペースはまったく変わらない。若手がモチベーションを保つのが難しい環境だと感じる。,negative,synthetic,teacher
672,公共インフラ,成長,新しい技術を学ぶ機会がほぼなく、同じ業務を何年も繰り返すだけで、気づけば自分のスキルが止まっていた。,negative,synthetic,teacher
673,公共インフラ,成長,スキルアップ研修の制度は名ばかりで、実際は業務の繁忙を理由にほとんど参加させてもらえない。,negative,synthetic,teacher
674,公共インフラ,成長,異動の機会が少なく、ずっと同じ部署で同じ仕事をし続けるため、市場価値が上がる実感がまったくわかない。,negative,synthetic,teacher
675,公共インフラ,成長,上のポストが詰まっていて空く気配がなく、優秀でも昇格のタイミングが読めず将来像が描けない。,negative,synthetic,teacher
676,公共インフラ,成長,民間からの経験者が来ても古いやり方を変えようとしない文化があり、成長意欲のある人間には窮屈に映る。,negative,synthetic,teacher
677,公共インフラ,成長,業務の幅が狭くて専門性が偏るため、いざ転職を考えたとき自分のスキルが外で通用するか不安になってきた。,negative,synthetic,teacher
678,公共インフラ,成長,資格取得の支援制度はあるものの、取得後にその資格を活かせる仕事が回ってくるわけでもなく、結局は自己満足で終わる。,negative,synthetic,teacher
679,公共インフラ,成長,年功序列が根強く、どれだけ成果を出しても若いうちは昇進の見込みがほぼなく、モチベーションを保つのが難しい。,negative,synthetic,teacher
680,公共インフラ,成長,業務内容が何年経っても変わらず、新しいスキルが身につかないまま時間だけが過ぎていく感覚がある。,negative,synthetic,teacher
681,公共インフラ,成長,資格取得支援制度は整っているが、実際に業務でその知識を活かせる機会がどれだけあるかは配属先次第だと感じる。,neutral,synthetic,teacher
682,公共インフラ,成長,年次ごとに研修は一通りこなせるものの、自分から動かないと成長が止まりやすい環境でもある。,neutral,synthetic,teacher
683,公共インフラ,成長,専門技術は確実に身につくが、それが他業界で通用するかどうかは正直なんとも言えないところがある。,neutral,synthetic,teacher
684,公共インフラ,成長,OJTの質は上司によってかなり差があり、恵まれた場合は伸びるが、そうでない場合は停滞感を覚えることもある。,neutral,synthetic,teacher
685,公共インフラ,成長,大きなインフラ整備に携わることでスケール感は養われるが、個人の裁量で挑戦できる幅は限られていると感じることもある。,neutral,synthetic,teacher
686,公共インフラ,成長,異動の機会があれば視野は広がるが、部署によっては同じ業務が長年続くこともあり、成長の速度は一様ではない。,neutral,synthetic,teacher
687,公共インフラ,成長,公共性の高い仕事を通じて着実な積み上げはできる一方、変化の少なさをもどかしく思う瞬間も否定はできない。,neutral,synthetic,teacher
688,公共インフラ,成長,スキルアップの制度や機会がないわけではないが、どれだけ活用できるかは本人のやる気と職場の雰囲気の両方にかかっている。,neutral,synthetic,teacher
689,公共インフラ,成長,専門技術は着実に身につくが、昇進のペースが年功序列に左右されるため、自分の努力が直接評価に結びつきにくい面もある。,neutral,synthetic,teacher
690,公共インフラ,成長,資格取得支援など制度は整っているものの、実際に活かせる業務範囲が限られており、成長を実感できるかは配属先次第といった印象だ。,neutral,synthetic,teacher
691,公共インフラ,社風,公共の使命感を共有する仲間が多く、仕事のやりがいを自然と高め合える雰囲気がある。,positive,synthetic,teacher
692,公共インフラ,社風,上下関係はあるものの風通しがよく、若手でも意見を言いやすい職場環境が整っている。,positive,synthetic,teacher
693,公共インフラ,社風,地域インフラを支えているという誇りが職員全体に根付いており、チームとしての一体感を強く感じる。,positive,synthetic,teacher
694,公共インフラ,社風,経験豊富な先輩が丁寧に指導してくれる文化があり、着実にスキルアップできる環境だと思う。,positive,synthetic,teacher
695,公共インフラ,社風,社会貢献度の高い仕事という意識が職場全体に浸透しており、日々のモチベーションに繋がっている。,positive,synthetic,teacher
696,公共インフラ,社風,堅実で真面目な人が多く、互いに協力しながら業務を進める文化がしっかりと定着している。,positive,synthetic,teacher
697,公共インフラ,社風,長年のノウハウを持つベテランと若手が自然に連携できる組織風土は、この職場ならではの強みだと感じる。,positive,synthetic,teacher
698,公共インフラ,社風,公共サービスという使命感からか職員同士のつながりが強く、困ったときに助け合える関係が築かれている。,positive,synthetic,teacher
699,公共インフラ,社風,インフラを支えるという使命感が社内に根付いており、部署を超えた協力体制が自然と生まれる風土があります。,positive,synthetic,teacher
700,公共インフラ,社風,年功序列の慣習は残りつつも、若手の意見を丁寧に聞いてくれる上司が多く、働きやすい雰囲気だと感じています。,positive,synthetic,teacher
701,公共インフラ,社風,上意下達が徹底されており、現場からの意見が上層部に届くことはほぼない。,negative,synthetic,teacher
702,公共インフラ,社風,年功序列の文化が根強く、若手が新しい取り組みを提案しても「前例がない」の一言で却下される。,negative,synthetic,teacher
703,公共インフラ,社風,官僚的な雰囲気が強く、書類手続きや承認フローが多すぎて本来の業務に集中できない。,negative,synthetic,teacher
704,公共インフラ,社風,保守的な社風のため、デジタル化や業務改善の動きが他業界に比べて著しく遅れていると感じる。,negative,synthetic,teacher
705,公共インフラ,社風,部署間の縦割り意識が強く、横断的な連携が必要な場面でもお互い責任を押し付け合う雰囲気がある。,negative,synthetic,teacher
706,公共インフラ,社風,古参社員の慣習が優先され、効率化を図ろうとすると「余計なことをするな」という空気になる。,negative,synthetic,teacher
707,公共インフラ,社風,ミスに対して必要以上に厳しく追及される一方、成果を上げても評価される仕組みがなく、萎縮した雰囲気が漂っている。,negative,synthetic,teacher
708,公共インフラ,社風,地域の安定したインフラを支えるという使命感は理解できるが、その分変化を嫌う閉鎖的な空気が蔓延している。,negative,synthetic,teacher
709,公共インフラ,社風,年功序列が根強く、若手の意見が会議で取り上げられることはほとんどなく、変化を提案しても「前例がない」の一言で却下される。,negative,synthetic,teacher
710,公共インフラ,社風,縦割り意識が強く、部署間の連携がほぼ機能していないため、現場では非効率な対応が常態化していると感じる。,negative,synthetic,teacher
711,公共インフラ,社風,公務員気質が根強く残っており、安定重視の人には合うが、変化を求める人には物足りなさを感じることもある。,neutral,synthetic,teacher
712,公共インフラ,社風,縦割りの組織文化は効率が悪いと感じる場面もあるが、チームの結束感は他業種にはない独特のものがある。,neutral,synthetic,teacher
713,公共インフラ,社風,社内の雰囲気は穏やかで落ち着いているが、その分、新しいことへのチャレンジには消極的な傾向がある。,neutral,synthetic,teacher
714,公共インフラ,社風,年功序列の色が濃く、若手の意見が通りにくい一方、長く勤めれば一定の裁量が与えられる仕組みではある。,neutral,synthetic,teacher
715,公共インフラ,社風,地域社会への貢献という使命感は職場全体で共有されているが、業務の進め方はどうしても保守的にならざるを得ない面がある。,neutral,synthetic,teacher
716,公共インフラ,社風,残業は少なく働きやすいとも言えるが、職場の雰囲気が変化しにくく、マンネリ感を覚える人もいるだろう。,neutral,synthetic,teacher
717,公共インフラ,社風,上下関係は明確で秩序があると言えばそうだが、個人の裁量が制限されると感じるかどうかは人それぞれだと思う。,neutral,synthetic,teacher
718,公共インフラ,社風,インフラという社会的責任の重さは職場文化に反映されているが、その堅実さが時に息苦しさにもつながることがある。,neutral,synthetic,teacher
719,公共インフラ,社風,安定志向の人には馴染みやすい雰囲気だが、新しいことを提案しても受け入れられるまでに時間がかかる印象がある。,neutral,synthetic,teacher
720,公共インフラ,社風,部署によって職場の空気がかなり異なり、配属先次第で働きやすさが大きく変わると感じている。,neutral,synthetic,teacher
721,公共インフラ,人間関係,先輩社員が丁寧に仕事を教えてくれる文化が根付いており、わからないことがあっても気軽に相談できる雰囲気がある。,positive,synthetic,teacher
722,公共インフラ,人間関係,現場での緊急対応時に同僚との連携が自然と取れており、チームとしての一体感を強く感じられる。,positive,synthetic,teacher
723,公共インフラ,人間関係,部署を超えた横のつながりが強く、困ったときには他部署のベテランも快く助けてくれるのが助かっている。,positive,synthetic,teacher
724,公共インフラ,人間関係,上司が部下の意見をきちんと聞いてくれる土壌があり、意見を言いやすい雰囲気が職場全体に広がっている。,positive,synthetic,teacher
725,公共インフラ,人間関係,長く勤めている職員が多い分、人間関係が安定していて毎日気持ちよく出勤できる点が気に入っている。,positive,synthetic,teacher
726,公共インフラ,人間関係,定期的な安全研修を通じて職員同士の交流が深まり、普段から声をかけ合いやすい関係が育まれている。,positive,synthetic,teacher
727,公共インフラ,人間関係,地域インフラを支えるという共通の使命感が職員間の絆を強め、自然と助け合える環境になっていると感じる。,positive,synthetic,teacher
728,公共インフラ,人間関係,ベテランと若手の距離が近く、技術的な疑問から日常の悩みまで気軽に話せる関係性が築かれている。,positive,synthetic,teacher
729,公共インフラ,人間関係,ベテランの先輩方が新人にも丁寧に技術を伝えてくれる文化があり、部署全体のチームワークの良さを日々感じています。,positive,synthetic,teacher
730,公共インフラ,人間関係,現場では年次に関係なく意見を言い合える雰囲気があり、協力しながら仕事を進められるのが職場の強みだと思います。,positive,synthetic,teacher
731,公共インフラ,人間関係,年功序列が根強く、若手の意見はほぼ無視される雰囲気で、提案しても空回りするだけだった。,negative,synthetic,teacher
732,公共インフラ,人間関係,部署間の縦割り意識が強く、他部門と連携しようとすると露骨に嫌な顔をされる。,negative,synthetic,teacher
733,公共インフラ,人間関係,古参職員が派閥を作っており、その輪に入れないと情報が回ってこず、仕事が進めにくい。,negative,synthetic,teacher
734,公共インフラ,人間関係,上司への忖度が暗黙のルールになっていて、率直に意見を言うと後々冷遇される。,negative,synthetic,teacher
735,公共インフラ,人間関係,同じ職場でも正規と非正規の間に見えない壁があり、日常的な会話すら生まれにくい雰囲気だ。,negative,synthetic,teacher
736,公共インフラ,人間関係,何か問題が起きると責任の押し付け合いになり、チームとしての連帯感を感じられない。,negative,synthetic,teacher
737,公共インフラ,人間関係,ベテランによる旧来式の指導が続いており、ハラスメントすれすれの発言も黙認されている。,negative,synthetic,teacher
738,公共インフラ,人間関係,特定の管理職に気に入られているかどうかで扱いが露骨に変わるため、実力より人付き合いに神経を使う職場だった。,negative,synthetic,teacher
739,公共インフラ,人間関係,古参の職員が新人に対して非常に排他的で、業務上必要な情報を共有してもらえないことが多く、孤立感を感じやすい職場だった。,negative,synthetic,teacher
740,公共インフラ,人間関係,縦割り意識が強く、他部署との連携がほとんど取れないため、職場全体として協力し合う雰囲気が生まれにくい。,negative,synthetic,teacher
741,公共インフラ,人間関係,上下関係は厳しいが、困ったときは先輩が助けてくれることもあり、一概に悪いとは言い切れない。,neutral,synthetic,teacher
742,公共インフラ,人間関係,部署によって雰囲気が全然違うため、配属先次第で人間関係の良し悪しが大きく変わる印象だ。,neutral,synthetic,teacher
743,公共インフラ,人間関係,古くからいる職員との関係は慣れるまでに時間がかかるが、慣れてしまえば特に問題はない。,neutral,synthetic,teacher
744,公共インフラ,人間関係,業務上の連携は取れているものの、プライベートまで踏み込んだ交流はほとんど生まれない職場だ。,neutral,synthetic,teacher
745,公共インフラ,人間関係,年功序列の文化が根強く、若手として意見が通りにくい場面もあれば、守られていると感じることもある。,neutral,synthetic,teacher
746,公共インフラ,人間関係,表面上は穏やかな雰囲気だが、各部署間の縄張り意識が透けて見えることがあり、複雑な気持ちになる。,neutral,synthetic,teacher
747,公共インフラ,人間関係,長く勤めている人が多いせいか疎外感を覚えることもあるが、悪意があるわけではないとも思う。,neutral,synthetic,teacher
748,公共インフラ,人間関係,チームの結束力があるとも言えるし、外部から入りにくい閉鎖性があるとも言えて、評価に迷う。,neutral,synthetic,teacher
749,公共インフラ,人間関係,上下関係はそれなりに厳しく、慣れるまでに時間がかかったが、困ったときには先輩が助けてくれることもあり、一概に悪いとは言えない。,neutral,synthetic,teacher
750,公共インフラ,人間関係,部署によって雰囲気がかなり異なり、協力的な同僚に恵まれることもあれば、縦割りの壁を感じる場面もある。,neutral,synthetic,teacher
